Abandon;;verb;{zu}je </i>[zu´.dʑɛ̝]<i>;;s
Abdicate, disown;;verb;woe{ye} </i>[wo̞.ɛ̝.jɛ̝´]<i>;;s
Ablative marker, away from;;;wo̞ </i>[wo̞]<i>;;s
Able, be able;;verb;{e}dze </i>[ɛ̝´.dzɛ̝]<i>;;s
Above;;adj;{e}ze </i>[ɛ̝´.zɛ̝]<i>;;s
Above, high;;adj;{e}ze </i>[ɛ̝´.zɛ̝]<i>;;s
Academic;;adj;{ye}pe{dyi} </i>[jɛ̝´.pɛ̝.dji´ ]<i>;;s
Academy, college, university, academia;;inan;{ye}pe{dyi} </i>[jɛ̝´.pɛ̝.dji´ ]<i>;;s
Accusative marker;;;;Animate: gɛ̝ <br> Inanimate: zɛ̝;s
Across;;adj;kegu </i>[kɛ̝.gu]<i>;;s
Act (as a character, a certain way);;verb;ma{tti}lu </i>[mä.t:i´.lu]<i>;;s
Action;;inan;in{ton} </i>[in.to̞n´]<i>;;s
Add;;verb;bbi </i>[b:i]<i>;;s
Additional;;adj;{kin}ki </i>[kin´.ki]<i>;Borrowed from Jkawi;s
ADHD;;inan;joguwedo{ki}deyan </i>[dʑo̞.gu.wɛ̝.do̞.ki´.dɛ̝.jän]<i>;;s
Adma;;an;{a}be </i>[ä´.bɛ̝]<i>;See <a href=https://lot.icosahedr.online/wiki/Kaneedkind#Sexes“>Kaneedkind sexes</a>;s
Admit;;inan;gu{ye} </i>[gu.jɛ̝´]<i>;;s
Advert , advertisment;;inan;po{babe} </i>[po̞.bä´.bɛ̝´]<i>;;s
Advertise;;verb;po{badiinbe} </i>[po̞.bä´.di:n´.bɛ̝´]<i>;;s
Advise;;verb;e{yesa} </i>[ɛ̝.jɛ̝´.sä´]<i>;;s
Aerocuda;KAKKUDA;an;ka{kku}da </i>[kä.k:u´.dä]<i>;;hy
Africa;AFULIKA;inan;{a}fu{li}ka </i>[ä´.fu.li´.kä]<i>;;real
African (person);AFULIKA;an;{a}fu{li}kasi </i>[ä´.fu.li´.kä.si]<i>;;real
After;;adj;e{pa} </i>[e.pä]<i>;POSTPOSITION: Used to mark past tense in literary contexts<br> ADVERB: After<br> Borrowed from Loremese;religion
After;;adj;fo{dam} </i>[fo̞.däm´]<i>;POSTPOSITION: Used to mark past tense in literary contexts<br> ADVERB: After;s
Afternoon, midday;;inan;{dam}jo </i>[däm´.dʑo̞]<i>;;s
Again, once more;PEPE;;penupe </i>[pɛ̝.nu.pɛ̝]<i>;;s
Again, once more;PITO;;{pi}to </i>[pi´.to̞]<i>;;ahan
Agree, side (with);;verb;de{zo} </i>[dɛ̝.zo̞´]<i>;;s
Ail, bother;;verb;{kye}ta </i>[kjɛ̝´.tä]<i>;;s
Air;;an;e{fe} </i>[ɛ̝.fɛ̝´]<i>;;s
Aircraft, airplane;;inan;{fe}pe{ce} </i>[fɛ̝´.pɛ̝.tɕɛ̝´]<i>;;s
Album (music);;inan;so{je} </i>[so̞.dʑɛ̝´]<i>;;s
Album (photos);;inan;{ikyoje} </i>[i´.kjo̞´.dʑɛ̝´]<i>;;s
Alcohol;;inan;su{ya} </i>[su.jä´]<i>;;s
Alcohol;;inan;su{ya} </i>[su.jä´]<i>;;s
Alhi;LAI;inan;la{i} {di}ye </i>[lä.i´ di´.jɛ̝]<i>;;s
All, everything, whole;;adj;gu </i>[gu]<i>;;s
Alleviate;;verb;tin{he} </i>[tin.hɛ̝´]<i>;;s
Alloti;ŚALODI;inan;sha{lo}di{sa} </i>[ɕä.lo̞´.di.sä´]<i>;;s
Allotian;ŚALODI;an;sha{lo}di si </i>[ɕä.lo̞´.di si]<i>;;s
Allow, let, can, may;;verb;ze{bee} </i>[zɛ̝.bɛ̝:´]<i>;;s
Amafjk (Language);AMAHHI;inan;a{ma}hhi {di}ye </i>[ä.mä´.h:i di´.jɛ̝]<i>;;s
Amber;;inan;shewoha{yi} </i>[ɕɛ̝.wo̞.ha.ji´]<i>;;s
Analyze;;verb;gu{she}ne </i>[gu.ɕɛ̝´.nɛ̝]<i>;;s
And;PE;;pe </i>[pɛ̝]<i>;;s
Andria;ANDIJA;inan;an{di}ya{sa} </i>[än.di´.jä.sä´]<i>;;s
Andrian (Language);ANDIJA;inan;an{di}ya {di}ye </i>[än.di´.jä di´.jɛ̝]<i>;;s
Andrian (People);ANDIJA;an;an{di}ya si </i>[än.di´.jä si]<i>;;s
Angel (general);;inan;{dope}je{ba}si </i>[do̞´.pɛ̝´.dʑɛ̝.bä´.si]<i>;;s
Angel, spirit;;inan;{doba}si </i>[do̞´.bä´.si]<i>;;ahan
Angle (math);;inan;;;s
Animal;;an;e{ya}wan </i>[ɛ̝.jä´.wän]<i>;;s
Animal skin, leather;;inan;e{yacen} </i>[ɛ̝.jä´.tɕɛ̝n´]<i>;;s
Annihilate, destroy;;verb;be{se} </i>[bɛ̝.sɛ̝´]<i>;;s
Announce;;verb;{yepo} </i>[jɛ̝´.po̞´]<i>;;s
Annoy;;verb;{kyenun} </i>[kjɛ̝´.nun´]<i>;;s
Anorexia;;inan;shisi{we} </i>[ɕi.si.wɛ̝´]<i>;;s
Anorexia;;inan;do{ke}do{gan} </i>[do̞.kɛ̝´.do̞.gän´]<i>;;ahan
Another (thing);;adj;zhin{se} </i>[ʑin.sɛ̝´]<i>;;s
Anral;ANLA;inan;an{lasa} </i>[än.lä´.sä´]<i>;;s
Anralian (Language);ANLA;inan;an{la} {di}ye </i>[än.lä´ di´.jɛ̝]<i>;;s
Anralian (People);ANLA;an;an{la} si </i>[än.lä´ si]<i>;;s
Answer;;verb;{le}we </i>[lɛ̝´.wɛ̝]<i>;;s
Antelope;;an;{nye}ko </i>[njɛ̝´.ko̞]<i>;;s
Antimony;;inan;pu{ko} </i>[pu.ko̞´]<i>;;s
Anxiety;;inan;shin{po} </i>[ɕin.po̞´]<i>;;s
Any time, ever;;inan;gu{ke} </i>[gu.kɛ̝´]<i>;;s
Apartment;;inan;bi{ce} </i>[bi.tɕɛ̝´]<i>;;s
APC;;inan;in{za}fonupefo{lu}zhuwe{tem} </i>[in.zä´.fo̞.nu.pɛ̝.fo̞.lu´.ʑu.wɛ̝.tɛ̝m´]<i>;Fashion brand, translation of Atelier de Production et de Création, what apc stands for;real
Apologize;;verb;so{ze} </i>[so̞.zɛ̝´]<i>;;s
Appear;;verb;yugu </i>[ju.gu]<i>;;s
Append;;verb;bbi{ba} </i>[b:i.bä´]<i>;;s
Apple;;an;{si}on </i>[si´.o̞n]<i>;Borrowed from Azkali;s
Application, program;;inan;ju{wa} </i>[dʑu.de.wä´]<i>;;s
Arabic (Language);ALABIIJA;inan;alibii{ya}ye </i>[ä.li.bi:´jä.jɛ̝]<i>;;real
Archangel;;inan;poo{dope}jebasi </i>[po̞:.do̞´.pɛ̝´.dʑɛ̝.bä´.si]<i>;;s
Archer, bowsman;;an;zo{ce}si </i>[zo̞.ɕɛ̝´.si]<i>;;s
Area (math);;inan;be{de} </i>[bɛ̝.dɛ̝´]<i>;;s
Arm;;inan;{ta}we </i>[tä´.wɛ̝]<i>;;s
Armos;AMOSU;inan;{a}mosu </i>[ä´.mo̞.su]<i>;;hy
Armour, defensive (strategy);;inan;ke{ya} </i>[kɛ̝.jä´]<i>;;s
Arrange;;verb;{du}zo </i>[du´.zo̞]<i>;;s
Arrive;;verb;je{pumte} </i>[dʑɛ̝.pum´.tɛ̝´]<i>;;s
Arrow;;inan;zo{de} </i>[zo̞.dɛ̝´]<i>;;s
Art, picture;;an;jo{zun} </i>[dʑo̞.zun´]<i>;;s
Artist;;an;jo{zun}si </i>[dʑo̞.zun´.si]<i>;Historical;s
Artist;;an;jo{zun}si </i>[dʑo̞.zun´.si]<i>;;s
Asbestos;;inan;en{ki}wi{ca} </i>[ɛ̝n.ki´.wi.tɕä´]<i>;Borrowed from Mallian;s
Ash;;inan;ye{da} </i>[jɛ̝.dä´]<i>;;s
Ask;;verb;jo{ko} </i>[dʑo̞.ko̞´]<i>;;s
Atom;;inan;seja{we} </i>[sɛ̝.dʑä.wɛ̝´]<i>;;s
Attack;;verb;ko{tsa}di </i>[ko̞.tsä´.di]<i>;;s
Attention;;inan;guwe </i>[gu.wɛ̝]<i>;;s
Audience;;an;te{sa} </i>[tɛ̝.sä´]<i>;;s
Augmentative, chonker;;;tu </i>[tu]<i>;;s
Autism;1;inan;in{je}yu{ya}do{ki}deyan </i>[in.dʑɛ̝´.ju.jä´.do̞.ki´.dɛ̝.jän]<i>;;s
Auto, self, by ...self;1;verb;in{je} </i>[in.dʑɛ̝´]<i>;;s
Autosluria, call oneself a slur;1;verb;yetuin{je}do{diin}sotue </i>[jɛ̝.tu.in.dʑɛ̝´.do̞.di:n´.so̞.tu.ɛ̝.]<i>;;s
Autumn, Fall;;inan;{i}sepa </i>[i´.sɛ̝.pä]<i>;;s
Avoid;;verb;be{ka} </i>[bɛ̝.kä´]<i>;;s
Aware;;verb;te{zhe}gu </i>[tɛ̝.ʑɛ̝´.gu]<i>;;s
Away;;adj;le{pe} </i>[lɛ̝.pɛ̝´]<i>;;s
Axe;;inan;{pa}te </i>[pä´.tɛ̝]<i>;;s
Axe, tool;;inan;{pa} </i>[pä´]<i>;;s
Azkali;;inan;{atsu}kali </i>[ä´.tsu´.kä.li]<i>;;ahan
Azkali;;inan;za{ka}li{sa} </i>[zä.kä´.li.sä´]<i>;;s
Azkali (Language);;inan;{atsu}kali{di}ye </i>[ä´.tsu´.kä.li.di´.jɛ̝]<i>;;ahan
Azkali (Language);;inan;za{ka}li{di}ye </i>[zä.kä´.li.di´.jɛ̝]<i>;;s
Azkali (People);;an;{atsu}kalisi </i>[ä´.tsu´.kä.li.si]<i>;;ahan
Azkali (People);;an;za{ka}lisi </i>[zä.kä´.li.si]<i>;;s
Baby;BEBE;an;bebe </i>[bɛ̝.bɛ̝]<i>;;ahan
Baby;;an;pepe </i>[pɛ̝.pɛ̝]<i>;;s
Back;;inan;la{ke} </i>[lä.kɛ̝´]<i>;;s
Back;;inan;la{ke} </i>[lä.kɛ̝´]<i>;;s
Back and forth, sine (informal);;inan;se{ke} </i>[sɛ̝.kɛ̝´]<i>;Used in Ahanan to refer to sine wave synths, can be used for sine waves in general but not common;s
Back, return;;verb;je{ke} </i>[dʑɛ̝.kɛ̝´]<i>;;s
Backstory;;inan;{po}ta{u}tee{ye} </i>[po̞´.tä.u´.tɛ̝.ɛ̝.jɛ̝´]<i>;;s
Bad;DEFOTE;adj;de{fo}te </i>[dɛ̝.fo̞´.tɛ̝]<i>;;s
Bad;;adj;de{fo}te </i>[dɛ̝.fo̞´.tɛ̝]<i>;Widely considered to be racially motivated against Kaneeds, specifically Baphians, use with caution, there is not a good alternative besides spelling it out alphabetically;s
Bad;;adj;de{fo}te </i>[dɛ̝.fo̞´.tɛ̝]<i>;Widely considered to be racially motivated against Kalis, use with caution, there is not a good alternative besides spelling it out alphabetically;s
Bag;;inan;co{ze} </i>[tɕo̞.zɛ̝´]<i>;;s
Bake;;verb;bi{shu} </i>[bi.ɕu´]<i>;;s
Balance;;inan;de{su}je{ju} </i>[dɛ̝.su´.dʑɛ̝.dʑu´]<i>;;s
Ball;;inan;she{pa} </i>[ɕɛ̝.pä´]<i>;;s
Banana;;inan;mo{ze} </i>[mo̞.zɛ̝´]<i>;;s
Banana tree;;an;mo{za}tsa </i>[mo̞.zä´.tsä]<i>;;s
Banister, railing;;inan;{kye}tsa </i>[kjɛ̝´.tsä]<i>;;s
Bank;;inan;po{dyi} </i>[po̞.dji´]<i>;;s
Baphia;TUKU;inan;{tu}kusa </i>[tu´.ku.sä]<i>;;s
Baphian (Language);BAFI;inan;ba{fi} {di}ye </i>[bä.fi´ di´.jɛ̝]<i>;;s
Baphian (People);NOPU;an;no{pu} si </i>[no̞.pu´ si]<i>;;s
Bar, Tavern;;inan;ze{ga} </i>[zɛ̝.gä´]<i>;;s
Barely;GATE;adj;{ga}te </i>[gä´.tɛ̝]<i>;Borrowed from Loremese;s
Bark (tree);;an;zu{de} </i>[zu.dɛ̝´]<i>;Archaic;s
Bark (tree);;an;zu{de} </i>[zu.dɛ̝´]<i>;;s
Barrusia;PALUŚIJA;inan;{pa}lushi{ya}sa </i>[pä´.lu.ɕi.jä´.sä]<i>;;s
Barrusia (Language);PALUŚIJA;inan;{pa}lushi{ya} {di}ye </i>[pä´.lu.ɕi.jä´ di´.jɛ̝]<i>;;s
Barrusian (People);PALUŚIJA;an;{pa}lushi{ya} si </i>[pä´.lu.ɕi.jä´ si]<i>;;s
Bat;;an;so{tsoshe} </i>[so̞.tso̞´.ɕɛ̝´]<i>;;s
Bay;;inan;seding </i>[sɛ̝.diŋ]<i>;;s
Be;CE;verb;ce </i>[tɕɛ̝]<i>;;ahan
Be;;verb;te </i>[tɛ̝]<i>;;s
Be late, not on time;;verb;e{zhe} </i>[e.ʑɛ̝´]<i>;;s
Be nauseous;;verb;ku{de} </i>[ku.dɛ̝´]<i>;;s
Be patient;;verb;nu{de} </i>[nu.dɛ̝´]<i>;;s
Be round;;verb;{go}yo </i>[go̞´.jo̞]<i>;;s
Beamos;BIMOSU;inan;{bii}mosu </i>[bi:´.mo.su]<i>;;hy
Bean;;an;safa{su} </i>[sä.fä.su´]<i>;;s
Bear; ;an;e{yu} </i>[ɛ̝.ju´]<i>;;s
Beast;;an;ha{yi}won </i>[ha.ji´.wo̞]<i>;Borrowed from Jkawi;s
Beat, tempo;;inan;ko{je} </i>[ko̞.dʑɛ̝´]<i>;;s
Beautiful, handsome;;adj;ze{pu}tu </i>[zɛ̝.pu´.tu]<i>;;s
Beauty;;an;ze{pu} </i>[zɛ̝.pu´]<i>;;s
Because;PETEÑ;;pe{teng} </i>[pɛ̝.tɛ̝ŋ´]<i>;;s
Because;;;pe{teng} </i>[pɛ̝.tɛ̝ŋ´]<i>;;religion
Because;;;pe{teng} </i>[pɛ̝.tɛ̝ŋ´]<i>;Formal;s
Become, transform;;verb;se{wa} </i>[sɛ̝.wä´]<i>;;s
Bed;;inan;{sa} </i>[sä´]<i>;;s
Bed;;inan;{sa} </i>[sä´]<i>;Archaic;s
Bee;;an;pon{sye} </i>[po̞n.sjɛ̝´]<i>;;s
Bee’s wax;;inan;pon{sye}ke{pe}we </i>[po̞n.sjɛ̝´.kɛ̝.pɛ̝´.wɛ̝]<i>;;s
Beef (meat);;inan;se{te} </i>[sɛ̝.tɛ̝´]<i>;;s
Beetle;;an;um{he} </i>[um.hɛ̝´]<i>;;s
Before;;adj;ka{le} </i>[kä.lɛ̝´]<i>;;s
Befriend, become friends;;verb;{sho}sise </i>[ɕo´.si.sɛ̝]<i>;;s
Being (Non humanoid);;an;e{ya}wan </i>[ɛ̝.jä´.wän]<i>;;s
Being, person;;an;si </i>[si]<i>;Can be used for specific people but uncommon;s
Believe;;verb;{i}dze </i>[i´.dzɛ̝]<i>;;s
Bell;;inan;deso{yan} </i>[dɛ̝.so̞.jän´]<i>;;s
Belly, stomach;;an;{ku}ssa </i>[ku´.s:ä]<i>;;s
Below;;adj;tin </i>[tin]<i>;;s
Below, low;;adj;tin </i>[tin]<i>;;s
Belt;;inan;{tse}kue{yacen} </i>[tsɛ̝´.ku.ɛ̝.jä´.tɕɛ̝n´]<i>;;s
Bend, curve;;verb;de{na} </i>[dɛ̝.nä´]<i>;;s
Benumb, become numb;;verb;mang{ke}se </i>[mäŋ.kɛ̝´.sɛ̝]<i>;;s
Berry;;an;ke{yode} </i>[kɛ̝.jo̞´.dɛ̝´]<i>;;s
Best friend, a “ride or die”;;an;yo{sho}si </i>[jo̞.ɕo̞´.si]<i>;;s
Bible, Shidamist;;an;musa </i>[mu.sä]<i>;Borrowed from Jkawi. For the Shidamist bible specifically;s
Bicycle;ŹALO;inan;ja{lo} </i>[dʑä.lo̞´]<i>;Borrowed from Loremese;s
Bicycle;2;inan;ce{ce} </i>[tɕɛ̝.tɕɛ̝´]<i>;;ahan
Big, large;;adj;po{ttu} </i>[po̞.t:u´]<i>;;s
Bile, vomit;;an;{ku}ssa{e}ze </i>[ku´.s:ä.ɛ̝´.zɛ̝]<i>;;s
Bill, invoice;;inan;pe{ko}po </i>[pɛ̝.ko̞´.po̞]<i>;;s
Bill, invoice;;verb;pe{ko}po </i>[pɛ̝.ko̞´.po̞]<i>;;s
Bimbo;;an;senacin </i>[sɛ̝.nä.tɕin]<i>;;s
Birch tree;;an;{i}zengzu </i>[i´.zɛ̝ŋ.zu]<i>;;s
Bird;;an;to{tso} </i>[to̞.tso̞´]<i>;;s
Birth;;verb;wi{le}te </i>[wi.lɛ̝´.tɛ̝]<i>;;s
Bishop (Chess);;inan;ku{zo} </i>[ku.zo̞´]<i>;;s
Bitch;KUMU;inan;ku{mu} </i>[ku.mu´]<i>;;s
Bite;;verb;{e}dede </i>[ɛ̝´.dɛ̝.dɛ̝]<i>;;s
BL, boy’s love, yaoi, gay media;JELOWI;inan;yelo{wi} </i>[jɛ̝.lo̞.wi´]<i>;;s
Black;;adj;{so}ye </i>[so̞´.jɛ̝]<i>;;s
Blight;;inan;so{syede} </i>[so̞.sjɛ̝´.dɛ̝´]<i>;;s
Blind;;adj;tso{bi}do{ki}de </i>[tso̞.bi´.do̞.ki´.dɛ̝]<i>;;s
Blind;;verb;tso{syi} </i>[tso̞.sji´]<i>;;s
Block;;verb;jeju{se} </i>[dʑɛ̝.dʑu.sɛ̝´]<i>;;s
Blood (informal);;an;se{we} </i>[sɛ̝.wɛ̝´]<i>;;s
Blood (vulgar);;an;se{kye} </i>[sɛ̝.kjɛ̝´]<i>;;s
Blossom, bloom;;verb;we{he} </i>[wɛ̝.hɛ̝´]<i>;;s
Blow;;verb;fo{ye} </i>[fo̞.jɛ̝´]<i>;;s
Blue;;adj;be{we} </i>[bɛ̝.wɛ̝´]<i>;;s
Boat;;inan;zon{ssa} </i>[zo̞n.s:ä´]<i>;;s
Body;;an;sum{po} </i>[sum.po̞´]<i>;;s
Bog down, slow down;;verb;nu{sewa} </i>[nu.sɛ̝´.wä´ ]<i>;;s
Bog, swamp;;an;mu{peeko} </i>[mu.pɛ̝:´.ko̞´]<i>;;s
Boil;;verb;de{pe}we </i>[dɛ̝.pɛ̝´.wɛ̝]<i>;;s
Bokoblin;BOKOBULIN;an;bo{ko}bu{lin} </i>[bo̞.ko̞´.bu.lin´]<i>;;hy
Bone;;an;mon{zang} </i>[mo̞n.zäŋ´]<i>;;s
Book;;inan;mu{za} </i>[mu.zä´]<i>;;s
Border;;inan;ono{tsa} </i>[o̞.no̞.tsä´]<i>;;s
Born;;verb;wi{le}te </i>[wi.lɛ̝´.tɛ̝]<i>;;s
Bottle;;inan;li{tepe}we </i>[li.tɛ̝´.pɛ̝´.wɛ̝]<i>;;s
Bottom (sexual);;an;kasi </i>[kä.si]<i>;;s
Bow;;inan;zo{ce} </i>[zo̞.ɕɛ̝´]<i>;;s
Bowl;;inan;{pe}yo </i>[pɛ̝´.jo̞]<i>;;s
Boy;;an;{pa}wa </i>[pä´.wä]<i>;Used for nonkaneeds, borrowed from Loremese;s
BPD;;inan;oso{zhe}do{ki}deyan </i>[o̞.so̞.ʑɛ̝´.do̞.ki´.dɛ̝.jän]<i>;;s
Brain, mind;;an;mu{je} </i>[mu.dʑɛ̝´]<i>;;s
Braise;;verb;sede{fee} </i>[sɛ̝.dɛ̝.fɛ̝:´]<i>;;s
Brat, a whiney child;HHASI;an;{hha}si </i>[h:ä´.si]<i>;;s
Bread;;inan;fe{de} </i>[fɛ̝.dɛ̝´]<i>;;s
Break;;verb;sin{ce}yu </i>[sin.tɕɛ̝´.ju]<i>;;s
Break in (shoes), get used to;;verb;se{to}bezo </i>[sɛ̝.to̞´.bɛ̝.zo̞]<i>;;s
Break in to (house, building), forcibly enter;;verb;she{ca} </i>[ɕɛ̝.tɕä´]<i>;;s
Breakfast;;inan;{epelang} </i>[ɛ̝´.pɛ̝´.läŋ´]<i>;;s
Breast;;an;jo{we} </i>[dʑo̞.wɛ̝´]<i>;;s
Breathe;;verb;se{ye} </i>[sɛ̝.jɛ̝´]<i>;;s
Brew;;verb;mu{pe}ja </i>[mu.pɛ̝´.dʑä]<i>;;s
Bright;;adj;{i}zengkyu </i>[i´.zɛ̝ŋ.kju]<i>;;s
Bring;;verb;{ki}doga </i>[ki´.do̞.gä]<i>;;s
Broadcast;;verb;pegu{kam} </i>[pɛ̝.gu.käm´]<i>;;s
Broil;;verb;poo{wa}de{ya} </i>[po̞:.wä´.dɛ̝.jä´]<i>;;s
Brother;SAZUBA;an;sa{zu}ba </i>[sä.zu´.bä]<i>;Used for nonkaneeds, borrowed from Loremese;s
Brown;;adj;za{ti} </i>[zä.ti´]<i>;;s
Brush;;inan;se{de}gu </i>[sɛ̝.dɛ̝´.gu]<i>;;s
Bud, sprout;;verb;se{de} </i>[sɛ̝.dɛ̝´]<i>;;s
Build;;verb;ja{we} </i>[dʑä.wɛ̝´]<i>;;s
Building;;inan;je{we} </i>[dʑɛ̝.wɛ̝´]<i>;;s
Bulge;;verb;{bi}ko </i>[bi´.ko̞]<i>;;s
Bulge;;inan;{bi}kozhu </i>[bi´.ko̞.ʑu]<i>;;s
Bull;;an;{a}se{ku} </i>[ä´.sɛ̝.ku´]<i>;;s
Bullet;;inan;a{de} </i>[ä.dɛ̝´]<i>;;s
Bump, bounce;;verb;{za}ko </i>[zä´.ko̞]<i>;;s
Burn;;verb;e{ya}ke </i>[ɛ̝.jä´.kɛ̝]<i>;;s
But;TEKE;;teke </i>[tɛ̝.kɛ̝]<i>;;s
Buy;;verb;po{ba} </i>[po̞.bä´]<i>;;s
Cabbage;;inan;le{no} </i>[lɛ̝.no̞´]<i>;;s
Cage;;inan;ke{dyi} </i>[kɛ̝.dji´]<i>;;s
Calamity, disaster;;inan;sa{koo} </i>[sä.ko̞:´]<i>;;s
Calendar;;inan;e{ke}mu{za} </i>[ɛ̝.kɛ̝´.mu.zä´]<i>;;s
Call (out), shout;;verb;de{te}ye </i>[dɛ̝.tɛ̝´.jɛ̝]<i>;;s
Call (phone);;verb;e{ye}o{wa} </i>[ɛ̝.jɛ̝´.o̞.wä´]<i>;;s
Call, name;;verb;yetu </i>[jɛ̝.tu]<i>;;s
Calm;;adj;ze{ju} </i>[zɛ̝.dʑu´]<i>;;s
Camel;;an;sho{te}be </i>[ɕo̞.tɛ̝´.bɛ̝]<i>;;s
Camera;;inan;sotu{pe}si </i>[so̞.tu.pɛ̝´.si]<i>;;s
Canada;FULANSU;inan;jang{ge}fu{lan}su </i>[dʑäŋ.gɛ̝´.fu.län´.su]<i>;;real
Candle;;inan;{ca}deke </i>[tɕä´.dɛ̝.kɛ̝ ]<i>;;s
Cannibal;;an;{na}tilisi </i>[nä´.ti.li.si]<i>;Borrowed from Azkali, ultimately from hngatiladdi /ŋ̊atilad:i/;s
Cannibalise;;verb;{na}tili </i>[nä´.ti.li]<i>;Borrowed from Azkali, ultimately from hngatiladdi /ŋ̊atilad:i/;s
Cannibalism;;inan;{na}tili{nu} </i>[nä´.ti.li.nu´]<i>;;s
Canyon, ravine;;inan;{noe}de </i>[no̞´.ɛ̝´.dɛ̝]<i>;;s
Capacitor;;inan;o{wa}ssa </i>[o̞.wä´.s:ä]<i>;;s
Cape (fabric);;inan;u{sa}zhe </i>[u.sä´.ʑɛ̝]<i>;;s
Cape (geography);;inan;duce{igu} </i>[du.tɕɛ̝.i´.gu´]<i>;;s
Capital;;inan;{be}wepoo{wa} </i>[bɛ̝´.wɛ̝.po̞:.wä´ ]<i>;;s
Capitalism;;inan;pofo{lu}te </i>[po̞.fo̞.lu´.tɛ̝]<i>;;s
Captain (ship);;an;zon{e}fo{nu} </i>[zo̞n.ɛ̝´.fo̞.nu´]<i>;;s
Car;;inan;kepe{ce} </i>[kɛ̝.pɛ̝.tɕɛ̝´]<i>;;s
Card (deck);;inan;zu{zhe} </i>[zu.ʑɛ̝´]<i>;;s
Card (game);;inan;;;s
Card game;;inan;zu{zhe}zo{ka} </i>[zu.ʑɛ̝´.zo̞.kä´]<i>;;s
Card, contact card;;inan;zu{zhe} </i>[zu.ʑɛ̝´]<i>;;s
Care;;verb;{e}pe{ba} </i>[ɛ̝´.pɛ̝.bä´]<i>;;s
Career (history);;inan;we{kam}he </i>[wɛ̝.käm´.hɛ̝]<i>;;s
Carnation;;an;soke{she}we </i>[so̞.kɛ̝.ɕɛ̝´.wɛ̝]<i>;;s
Carve (flesh);;verb;ye{te} </i>[jɛ̝.tɛ̝´]<i>;;s
Carve (stone);;verb;{kizang} </i>[ki´.zäŋ´]<i>;;s
Case (legal);;an;{wa}te </i>[wä´.tɛ̝]<i>;;s
Case (linguistics);;inan;de{kang} </i>[dɛ̝.käŋ´]<i>;;s
Case (storage);;inan;be{be} </i>[bɛ̝.bɛ̝´]<i>;;s
Cast (away), send (off, away);;verb;pe{pum} </i>[pɛ̝.pum´]<i>;;s
Cast (light), light (way);;verb;{ki}jkye </i>[ki´.kjɛ̝]<i>;;s
Castle;;inan;ke{le} </i>[kɛ̝.lɛ̝´]<i>;;s
Castle (Chess);;verb;ma{tse} </i>[mä.tsɛ̝´]<i>;;s
Cat;;an;ting{ge} </i>[tiŋ.gɛ̝´]<i>;;s
Cause, causative, cast (spell);;verb;{ke}be </i>[kɛ̝´.bɛ̝]<i>;;s
Cave;;inan;be{kye} </i>[bɛ̝.kjɛ̝´]<i>;;ahan
Cave;;inan;dong{ko}yo </i>[do̞ŋ.ko̞´.jo̞]<i>;;s
Cave entrance;;inan;pedong{ko} </i>[pɛ̝.do̞ŋ.ko̞´]<i>;;s
Celebration, festival, ceremony;;inan;zo{ke} </i>[zo̞.kɛ̝´]<i>;;s
Cell;;an;{e}syeko </i>[ɛ̝´.sjɛ̝.ko̞]<i>;;s
Cellphone;OJEN;inan;o{yen} </i>[o̞.jɛ̝n´]<i>;;s
Cellphone, telephone;;inan;o{wa}e{ye} </i>[o̞.wä´.ɛ̝.jɛ̝´]<i>;;s
Center;;adj;{fo}pu </i>[fo̞´.pu]<i>;;s
Certain, be certain;;verb;yu{ye}yim </i>[ju.jɛ̝´.jim]<i>;;s
Chaebol;;inan;{ku}sabate </i>[ku´.s:ä.bä.tɛ̝]<i>;Considered rude but is becoming more widely used, especially in news outlets;s
Chain;;inan;ke{zha} </i>[kɛ̝.ʑä´]<i>;;s
Chainmail;;inan;ke{zhase} </i>[kɛ̝.ʑä´.sɛ̝´]<i>;;s
Chair;;inan;so{lum} </i>[so̞.lum´]<i>;;s
Change;;verb;de{kye} </i>[dɛ̝.kjɛ̝´]<i>;;s
Chapter;;inan;mu{za}zzo </i>[mu.zä´.z:o̞]<i>;;s
Chasm;;inan;{jue}de </i>[ju´.ɛ̝´.dɛ̝]<i>;;s
Chastity, abstinence;;inan;{si}teyo </i>[si´.tɛ̝.jo̞]<i>;;s
Cheeky;;adj;su{zi} </i>[su.zi´]<i>;;s
Chess;;inan;ke{ya}gu </i>[kɛ̝.jä´.gu]<i>;;s
Chest (Body);;inan;sum{po} </i>[sum.po̞´]<i>;;s
Chest (Body), upper body ;;inan;{tso}webi </i>[tso̞´.wɛ̝.bi]<i>;;s
Chicken;;an;to{tso}cho </i>[to̞.tso̞´.tɕo̞]<i>;;s
Chickpea;;an;to{su} </i>[to̞.su´]<i>;;s
Child labour laws;;inan;pe{leesewa}wo </i>[pɛ̝.lɛ̝:´.sɛ̝´.wä´.wo̞]<i>;;s
Child labour laws;;inan;pe{leesewa}wo </i>[pɛ̝.lɛ̝:´.sɛ̝´.wä´.wo̞]<i>;Archaic;s
Child, kid;;an;pe{le} </i>[pɛ̝.lɛ̝´]<i>;;s
Chip, crisp;;inan;za{fee} </i>[zä.fɛ̝:´]<i>;;s
Cholto;CODO;;{co}do </i>[tɕo̞´.do̞]<i>;Codo is a filler word, like “well”, it can also be used as a diminutive;s
Chopsticks;;inan;ce{gu} </i>[tɕɛ̝.gu´]<i>;;s
Christmas;KURISUMASE;inan;ku{lisu}mase </i>[ku.li´.su´.mä.sɛ̝]<i>;;real
Christmas time;KURISUMASE;inan;ku{lisu}maseda </i>[ku.li´.su´.mä.sɛ̝.dä]<i>;;real
Chuchu;CUCU;an;{cu}cu </i>[tɕu´.tɕu]<i>;;hy
Chunk;;inan;{i}zzotu </i>[i´.z:o̞.tu]<i>;;s
Church (Saulist);;inan;za{ta}zha{da} </i>[zä.tä´.ʑä.dä´]<i>;Borrowed from Loremese;s
Church (Shidamist);;an;;;s
Cigar;;inan;za{zhe} </i>[zä.ʑɛ̝´]<i>;;s
Cigarette;;inan;za{zhe}ko </i>[zä.ʑɛ̝´.ko̞]<i>;;s
Cinema, movie theatre / theater;;inan;{kyo}she{kam} </i>[kjo̞´.ɕɛ̝.käm´]<i>;;s
Circle, ring;;inan;sho{she} </i>[ɕo̞.ɕɛ̝´]<i>;;s
Citrus;;inan;jim{fo} </i>[dʑim.fo̞´]<i>;;s
City;;inan;{be}wetu </i>[bɛ̝´.wɛ̝.tu]<i>;;s
Claim (as own), take (ownership);;verb;e{ke} </i>[ɛ̝.kɛ̝´]<i>;;s
Claim, present argument;;verb;ewe </i>[ɛ̝.wɛ̝]<i>;;s
Clan;;inan;i{ke} </i>[i.kɛ̝´]<i>;;s
Class (wealth);;inan;se{fye} </i>[sɛ̝.fjɛ̝´]<i>;;s
Clean;;adj;jo{ke}te </i>[dʑo̞.kɛ̝´.tɛ̝]<i>;;s
Clear, clean;;verb;jo{ke} </i>[dʑo̞.kɛ̝´]<i>;;s
Cliff;;inan;{fa}ka </i>[fä´.kä]<i>;;s
Climb;;verb;ceng{kka} </i>[tɕɛ̝ŋ.k:ä´]<i>;;s
Close;;verb;{tsa}do </i>[tsä´.do̞]<i>;;s
Cloth;;inan;son </i>[so̞n]<i>;;s
Clothes;;inan;u{ya} </i>[u.jä´]<i>;;s
Cloud;;inan;{pu}ce </i>[pu´.tɕɛ̝]<i>;Historical;s
Cloud;;inan;{pu}ce </i>[pu´.tɕɛ̝]<i>;;s
Club, rave;;inan;ze{pun} </i>[zɛ̝.pun´]<i>;;s
Cobblestone;;inan;wozzo </i>[wo̞.z:o̞]<i>;;s
Cocaine, coke;;inan;{izi}de </i>[i´.zi´.dɛ̝]<i>;;s
Code (software);;;mu{ke}ye </i>[mu.kɛ̝´.jɛ̝]<i>;;
Coffee;;inan;do{te}do{sushe} </i>[do̞.tɛ̝´.do̞.su´.ɕɛ̝´]<i>;;s
Coffee bean;;an;do{te}do{su} </i>[do̞.tɛ̝´.do̞.su´]<i>;;s
Coffin;;inan;{i}ku{sa} </i>[i´.ku.sä´]<i>;;s
Coin;;inan;o{la} </i>[o̞.lä´]<i>;;s
Cold;;adj;son{kku} </i>[so̞ŋ.k:u´]<i>;;s
Collar;;inan;;;s
Collect;;verb;du{nun} </i>[du.nun´]<i>;;s
Colonize;;verb;ko{be} </i>[ko̞.bɛ̝´]<i>;;s
Colour / color;;inan;tu{zong} </i>[tu.zo̞ŋ´]<i>;;s
Combine freely, mix and match;;verb;seu{ya} </i>[sɛ̝.u.jä´]<i>;;s
Come, head towards;;verb;yu </i>[ju]<i>;;s
Commit suicide;;verb;{zu}je{beton} </i>[zu´.dʑɛ̝.bɛ̝´.to̞n´]<i>;;s
Communism;;inan;safo{lu}te </i>[sä.fo̞.lu´.tɛ̝]<i>;;s
Community, village, your people;;inan;yo{be} </i>[jo̞.bɛ̝´]<i>;;s
Commute (general);;verb;o{tsa} </i>[o̞.tsä´]<i>;;s
Commute (work);;verb;we{tsa} </i>[wɛ̝.tsä´]<i>;;s
Company (business) ;;inan;ba{zhe} </i>[bä.ʑɛ̝´]<i>;;s
Company, a group of people;;an;basi </i>[bä.si]<i>;;s
Compare;;verb;;;s
Comparison;;inan;;;s
Complete;;adj;kele </i>[ke.le]<i>;Borrowed from Jkawi;s
Complex (mental problem);;an;ke{yo}so{zhe} </i>[kɛ̝.jo̞´.so̞.ʑɛ̝´]<i>;;s
Complex, complicated;;adj;ke{yo} </i>[kɛ̝.jo̞´]<i>;;s
Compliment;;verb;so{de}e{ye} </i>[so̞.dɛ̝´.ɛ̝.jɛ̝´]<i>;;s
Computer;;inan;mu{je}kesi </i>[mu.dʑɛ̝´.kɛ̝.si]<i>;;s
Concept;;inan;ke{le}pe </i>[kɛ̝.lɛ̝´.pɛ̝]<i>;;s
Concern;;verb;;;s
Concern, business;;inan;;;s
Conclude;;verb;;;s
Condition, adapt;;verb;;;s
Conditional marker;;;;;s
Cone;;inan;;;s
Confess, tell;;verb;ke{je} </i>[kɛ̝.dʑɛ̝´]<i>;;s
Conglomerate, chaebol;;inan;ze{pa} </i>[zɛ̝.pä´]<i>;;s
Connect, contact;;verb;ja{ye} </i>[dʑä.jɛ̝´]<i>;When used as “contact” it is usually only in the context of contacting online;s
Conquer;;verb;ko{syi} </i>[ko̞.sji´]<i>;;s
Consider, think about, reflect, figure out;;verb;fo{lu} </i>[fo̞.lu´]<i>;;s
Container;;inan;pe{kyo} </i>[pɛ̝.kjo̞´]<i>;;s
Continue;;verb;su{zzu} </i>[su.z:u´]<i>;;s
Contrary;;adj;{zze} </i>[z:ɛ̝´]<i>;;s
Control;;verb;{si}date </i>[si´.dä.tɛ̝]<i>;;s
Control;;inan;{si}datefo{nu} </i>[si´.dä.tɛ̝.fo̞.nu´]<i>;;s
Control;;verb;{si}te </i>[si´.tɛ̝]<i>;;s
Convalesce;;verb;;;s
Convene, meet;;verb;;;s
Conversation, speech;;inan;;;s
Cook;;verb;de{fee} </i>[dɛ̝.fɛ̝:´]<i>;;s
Cool, awesome;;adj;{ba}ta </i>[bä´.tä]<i>;;s
Copper;;inan;;;s
Coral;;an;;;s
Coral (reef);;inan;;;s
Corpse;;inan;{do}ku </i>[do̞´.ku]<i>;;s
Correct;;adj;{ki}je </i>[ki´.dʑɛ̝]<i>;Historical;s
Correct, right;;adj;{ki}je </i>[ki´.dʑɛ̝]<i>;;s
Correspond;;verb;;;s
Corrupt;;verb;beye </i>[bɛ̝.jɛ̝]<i>;;s
Corruption;;inan;beyezhu </i>[bɛ̝.jɛ̝.ʑu]<i>;;s
Cotton;;an;;;s
Couch, sofa;FILA;inan;{fi}la </i>[fi´.lä]<i>;Borrowed from Jkawi. Older;s
Could, may do;;verb;sye </i>[sjɛ̝]<i>;;s
Council;;inan;yo{zhe} </i>[jo̞.ʑɛ̝´]<i>;;s
Counsel;;verb;;;s
Count;;verb;zo{te} </i>[zo̞.tɛ̝´]<i>;;s
Countdown;;inan;ye{te} </i>[jɛ̝.tɛ̝´]<i>;;s
Country, nation;;inan;pe{ta} </i>[pɛ̝.tä´]<i>;;s
County;;inan;;;s
Cousin;;an;;;s
Cover;;verb;ke{de} </i>[kɛ̝.dɛ̝´]<i>;;s
Cow;;an;se{ku} </i>[sɛ̝.ku´]<i>;;s
Crab;;an;ke{ye} </i>[kɛ̝.jɛ̝´]<i>;;s
Crane (bird);;an;;;s
Crayon;;inan;{ca}tu{pe} </i>[tɕä´.tu.pɛ̝´]<i>;;s
Cream;;inan;e{bbi} </i>[ɛ̝.b:i´]<i>;;s
Create, craft;;verb;ja{be} </i>[dʑä.bɛ̝´]<i>;;s
Creole;;inan;de{di}ye </i>[dɛ̝.di´.jɛ̝]<i>;;s
Crestwalking, walking in the rain and falling face first;;verb;;;s
Crime;;inan;e{ke}yun </i>[ɛ̝.kɛ̝´.jun]<i>;;s
Cring;LIÑ;inan;ling{sa} </i>[liŋ.sä´]<i>;;s
Cring (Language);LIÑ;inan;ling{di}ye </i>[liŋ.di´.jɛ̝]<i>;;s
Cring (People);LIÑ;an;lingsi </i>[liŋ.si]<i>;;s
Crop, cut (to size);;verb;;;s
Croptop, baby tee;;inan;;;s
Cross, go over;;verb;jeze </i>[dʑɛ̝.zɛ̝]<i>;;s
Crowdfund;;verb;;;s
Crown;;inan;;;s
Crumble;;verb;be{zhu}zu </i>[bɛ̝.ʑu´.zu]<i>;;s
Crunk, incredibly intoxicated;;verb;;;ahan
Crush, squish;;verb;{bi}tu </i>[bi´.tu]<i>;;s
Cry;;verb;ba{ka} </i>[bä.kä´]<i>;;s
Cucco;;an;;;hy
Cuddle, spoon;;verb;;;s
Cult classic;;inan;uja </i>[u.dʑä]<i>;;real
Cultivate;;verb;;;s
Culture;;inan;mu{kye} </i>[mu.kjɛ̝´]<i>;;s
Cum, semen (vulgar);;an;;;s
Cunty;KISE;an;ki{se} </i>[ki.sɛ̝´]<i>;;ahan
Cup;;inan;{ttute} </i>[t:u´.tɛ̝´]<i>;;s
Cure;;verb;;;s
Cut;;verb;ko{she} </i>[ko̞.ɕɛ̝´]<i>;;s
Cyan, sky blue;;adj;shuwe </i>[ɕu.wɛ̝]<i>;Sunterian borrowing. Uncommon;s
Cycle;;inan;sho{tse} </i>[ɕo̞.tsɛ̝´]<i>;;s
Cyclical;;adj;sho{tse} </i>[ɕo̞.tsɛ̝´]<i>;;s
Cysteia;SSIDIJA;inan;{ssi}diya{sa} </i>[s:i´.di.jä.sä´]<i>;;s
Cysteian (Language);SSIDIJA;inan;{ssi}diya {di}ye </i>[s:i´.di.jä di´.jɛ̝]<i>;;s
Cysteian (People);SSIDIJA;an;{ssi}diya si </i>[s:i´.di.jä si]<i>;;s
Dam;;inan;;;s
Dance;;verb;pu{zzhe} </i>[pu.ʑ:ɛ̝´]<i>;;s
Dancefloor;;inan;pu{zzhe}za{ti} </i>[pu.ʑ:ɛ̝´.zä.ti´]<i>;;s
Dancefloor;;inan;zhe{ti} </i>[ʑɛ̝.ti´]<i>;;ahan
Dandelion;;inan;;;s
Dark;;adj;{so}dokyu </i>[so̞´.do̞.kju]<i>;;s
Dark brown;;adj;{so}za{ti} </i>[so̞´.zä.ti´]<i>;;s
Davidria;TAWIDIJA;inan;ta{wi}di{ya}sa </i>[tä.wi´.di.jä´.sä]<i>;;s
Davidrian (Language);TAWIDIJA;inan;ta{wi}di{ya} {di}ye </i>[tä.wi´.di.jä´ di´.jɛ̝]<i>;;s
Davidrian (People);TAWIDIJA;an;ta{wi}di{ya} si </i>[tä.wi´.di.jä´ si]<i>;;s
Day (measurement);;inan;jo{pe} </i>[dʑo̞.pɛ̝´]<i>;;s
Daydream;;verb;;;s
Daytime;;an;;;s
Dead;;adj;{bi} </i>[bi´]<i>;;s
Death;;inan;bi{ye}fo{nu} </i>[bi.jɛ̝´.fo̞.nu´]<i>;;s
Death bed, where someone is (bed)rotting;;inan;ku{sa} </i>[ku.sä´]<i>;;s
Death bed, where someone is (bed)rotting;;inan;ku{sa} </i>[ku.sä´]<i>;;s
Debate;;verb;;;s
Debt (general);;inan;;;s
Debt (money);;inan;;;s
Decay;;verb;{se}be{zhu}zu </i>[sɛ̝´.bɛ̝.ʑu´.zu]<i>;;s
Decide, choose, pick, vote;;verb;ko{wa} </i>[ko̞.wä´]<i>;;s
Declare;;verb;;;s
Decline;;verb;do{su} </i>[do̞.su´]<i>;;s
Decline;;verb;{mwezo} </i>[mwɛ̝´.zo̞´]<i>;Used commonly in the east, especially by Azkali. Imported into Ahanan Turku Baphian through Azkali immigration.;ahan
Decoration;;inan;ko{de} </i>[ko̞.dɛ̝´]<i>;;s
Deduce;;verb;;;s
Deer;;an;{nyefu} </i>[njɛ̝´.fu´]<i>;;s
Defence;;inan;;;s
Defenestrate (legal);;verb;don{shete}yepe{dyi} </i>[do̞n.ɕɛ̝´.tɛ̝´.jɛ̝.pɛ̝.dji´]<i>;;s
Defibrillator;;inan;;;s
Deficate;;verb;;;s
Deku Baba;;an;;;hy
Delay;;verb;;;s
Delegate;;verb;;;s
Delete;;verb;{kese} </i>[kɛ̝´.sɛ̝´]<i>;;s
Delusion;;inan;;;s
Demand;;verb;{e}zanla{fa} </i>[ɛ̝´.zän.lä.fä´]<i>;;s
Demise, die (formal, dramatic);;verb;bi{kaye}ta </i>[bi.kä´.jɛ̝´.tä]<i>;;s
Democracy;;inan;ko{e}lunyo{zhe} </i>[ko̞.ɛ̝´.lun.jo̞.ʑɛ̝´]<i>;;s
Demon (general);;inan;{zhe}wan </i>[ʑɛ̝´.wän]<i>;;s
Demonic;;adj;{zhe}wan </i>[ʑɛ̝´.wän]<i>;;s
Den;;inan;ran{be} </i>[ran.bɛ̝´]<i>;;s
Dentist;;an;zu{len}si </i>[zu.lɛ̝n´.si]<i>;;s
Dentistry;;inan;zu{len}de </i>[zu.lɛ̝n´.dʑɛ̝]<i>;;s
Deposit;;verb;;;s
Desert;;inan;{pu}ye </i>[pu´.jɛ̝]<i>;;s
Design;;verb;pefo{lu} </i>[pɛ̝.fo̞.lu´]<i>;;s
Design;;inan;pefo{lu}zhu </i>[pɛ̝.fo̞.lu´.ʑu]<i>;;s
Diagnose;;verb;;;s
Diamond;;inan;jo{izang} </i>[dʑo̞.i´.zäŋ´]<i>;;s
Dictate;;verb;;;s
Die;;verb;bi{ye} </i>[bi.jɛ̝´]<i>;;s
Die;;verb;bi{ye} </i>[bi.jɛ̝´]<i>;;s
Differ;;verb;{mwe}de </i>[mwɛ̝´.dɛ̝]<i>;;s
Different, difference;;inan;{mwe}dezhu </i>[mwɛ̝´.dɛ̝ .ʑu ]<i>;;s
Dig;;verb;ko </i>[ko̞]<i>;;s
Diminutive, mini;;;ko </i>[ko̞]<i>;;s
Dinner;;inan;;;s
Dinner, girl’s night out;;inan;;;ahan
Diploma;;inan;;;s
Direction;;inan;le{ya}syo </i>[lɛ̝.jä´.sjo̞]<i>;;s
Dirty;;adj;do{yo}de </i>[do̞.jo̞´.dɛ̝]<i>;;s
Disagree;;verb;;;s
Disallow;;verb;doze{bee} </i>[do̞.zɛ̝.bɛ̝:´]<i>;;s
Disgust;;verb;sa{zi} </i>[sä.zi´]<i>;;s
Disgusting;;adj;sa{zi} </i>[sä.zi´]<i>;;s
Dish;;an;gi </i>[gi]<i>;See <a href=https://lot.icosahedr.online/wiki/Kaneedkind#Sexes>Kaneedkind sexes</a>;s
Dishonour;;inan;dose{he} </i>[do̞.sɛ̝.hɛ̝´]<i>;;s
Dismiss;;verb;;;s
Dismount;;verb;;;s
Disorder (mental);;an;do{ki}deyan </i>[do̞.ki´.dɛ̝.jän]<i>;;s
Disorder (physical);;an;do{ki}de </i>[do̞.ki´.dɛ̝]<i>;;s
Dissect;;verb;;;s
Distance, far off;;inan;{u}zzo </i>[u´.z:o̞]<i>;;s
Dive;;verb;jan{de} </i>[dʑän.dɛ̝´]<i>;;s
Dive;;verb;jan{de} </i>[dʑän.dɛ̝´]<i>;Archaic;s
Dive into lava;;verb;jan{de}de{ya} </i>[dʑän.dɛ̝´.dɛ̝.jä´]<i>;;s
Diverse;;adj;gu{mwe}de </i>[gu.mwɛ̝´.dɛ̝]<i>;;s
Do;;verb;{to}be </i>[to̞´.bɛ̝]<i>;;s
Do (an action);;verb;in{ton} </i>[in.to̞n´]<i>;;s
Do (an action);;verb;{ton} </i>[to̞n´]<i>;;ahan
Do later;;verb;{to}fo </i>[to̞´.fo̞]<i>;;s
Doctor, healer;;an;{len}si </i>[lɛ̝n´.si]<i>;;s
Dog;;an;cin </i>[tɕin]<i>;;s
Dominate;;verb;;;s
Door;;inan;pe{wa}pe </i>[pɛ̝.wä´.pɛ̝]<i>;;s
Doorguard, securityguard;;an;pesan </i>[pɛ̝.sän]<i>;;s
Down;;adj;e{ye} </i>[ɛ̝.jɛ̝´]<i>;;s
Draft (military);;inan;;;s
Draft (writing);;verb;;;s
Dragon;;an;de{de} </i>[dɛ̝.dɛ̝´]<i>;;s
Dread, fear;;verb;po{zangzhe} </i>[po̞.zäŋ´.ʑɛ̝´]<i>;;s
Dream;;an;te{zhetso}ne </i>[tɛ̝.ʑɛ̝:´.tso̞´.nɛ̝]<i>;;s
Dream, fantasize;;verb;te{zhetso} </i>[tɛ̝.ʑɛ̝:´.tso̞´]<i>;;s
Drink (alcohol), alcoholic beverage;;verb;be{she}te </i>[bɛ̝.ɕɛ̝´.tɛ̝]<i>;;s
Drink (nonalcoholic);;verb;se{se}pe </i>[sɛ̝.sɛ̝´.pɛ̝]<i>;;s
Drive (vehicle);;verb;jege </i>[dʑɛ̝.gɛ̝]<i>;;ahan
Drive (vehicle);;verb;;;s
Drug;;inan;{te}ju{san} </i>[tɛ̝´.dʑu.sän´]<i>;Incredibly informal, self-aware pun about the nature of drugs;s
Drug, intoxicate;;verb;te(tso)tete </i>[tɛ̝.tso̞´.tɛ̝.tɛ̝]<i>;informal;s
Drug, intoxicate;;verb;{te}ju{san} </i>[tɛ̝´.dʑu.sän´]<i>;Legal and medical term;s
Dry;;adj;ku{zze} </i>[ku.z:ɛ̝´]<i>;;s
Dual marker;;;{yo} </i>[jo̞´]<i>;;s
Duck;;an;;;s
Dull (Knife);;adj;do{fo} </i>[do̞.fo̞´]<i>;;s
Dust;;inan;do{ze}de </i>[do̞.zɛ̝´.dɛ̝]<i>;;s
Ear;;an;te{te} </i>[tɛ̝.tɛ̝´]<i>;;s
Early;;adj;ze{le} </i>[zɛ̝.lɛ̝´]<i>;;s
Earth, Dirt;;an;zam{fong} </i>[zäm.fo̞ŋ´]<i>;;s
Earthquake;;inan;zam{ge} </i>[zäm.gɛ̝´]<i>;;s
East;;inan;a </i>[ä]<i>;;s
Eat;;verb;si{we} </i>[si.wɛ̝´]<i>;;s
Eating disorder;;ahan;si{de} </i>[si.dɛ̝´]<i>;;s
Eating disorder;;inan;si{de} </i>[si.do̞.ki´.dɛ̝]<i>;Medical;s
Eco-terrorism;;inan;;;s
Economic;;adj;po{de}we </i>[po̞.dɛ̝´.wɛ̝]<i>;;s
Economy;;an;po{de}we </i>[po̞.dɛ̝´.wɛ̝]<i>;;s
Edit, change;;verb;;;s
Education;;inan;;;s
Egg;;an;ju{mu}de </i>[dʑu.mu´.dɛ̝]<i>;;s
Eggplant, aubergine;;an;;;s
Eight;12;;du{sa} </i>[du.sä´]<i>;Seen in a more slang sense, saying “in ce” is more formal;s
Ejaculate;;verb;;;s
Elect;;verb;;;s
Electricity;;an;o{wae}kye </i>[o̞.wä´.ɛ̝´.kjɛ̝]<i>;;s
Electron;;inan;;;s
Elements, metal;;inan;a{si}na </i>[ä.si´.na]<i>;Archaic when used for metals;s
Elephant;;an;;;s
Eleven;15;;ju{ci} </i>[dʑu.tɕi´]<i>;Seen in a more slang sense, saying “in jim” is more formal;s
Elk;;an;be{ye}ko </i>[bɛ̝.jɛ̝´.ko̞]<i>;;s
Elke;;an;li{ge} </i>[li.gɛ̝´]<i>;See <a href=https://lot.icosahedr.online/wiki/Kaneedkind#Sexes>Kaneedkind sexes</a>;s
Emerald;;inan;je{izang} </i>[dʑɛ̝.i´.zäŋ´]<i>;;s
Empty;;adj;tsu{te} </i>[tsu´.tɛ̝]<i>;;s
En passant (Chess);;inan;;;s
Enact;;verb;;;s
End, over;;verb;{ke} </i>[kɛ̝´]<i>;;s
Energy;;an;do{kyu} </i>[do̞.kju´]<i>;;s
Energy drink;BOJEKAA~;inan;boje{kaa}~ </i>[bo̞.jɛ̝.kä:´ ]<i>;Generalized brand name;s
Engine (vehicle), an essential part of something;;inan;;;s
Engrave;;verb;{ki}je </i>[ki´.dʑɛ̝]<i>;;s
Enjoy;;verb;;;s
Enough, right (amount);;adj;;;s
Enter, go (inside);;verb;je{san} </i>[dʑɛ̝.sän´]<i>;;s
Enthrone;;verb;;;s
Environmental;;adj;;;s
Equal;;verb;de{su} </i>[dɛ̝.su´]<i>;;s
Era, epoch;;inan;{keyu} </i>[kɛ̝´.ju´]<i>;;s
Escape;;verb;;;s
Essential;;adj;je{jue}zan </i>[dʑɛ̝.dʑu´.ɛ̝´.zän]<i>;;s
Evening;;inan;;;s
Evermean, treeant;;an;;;hy
Everything;;inan;;;ahan
Everywhere, all places;;inan;gu{kam} </i>[gu.käm´]<i>;;s
Exactly, literally;;;de{i} </i>[dɛ̝.i´]<i>;;s
Exactly, literally;DEJI;;de{yi} </i>[dɛ̝.ji´]<i>;;ahan
Exchange;;verb;;;s
Excite, thrill;;verb;ko{wun} </i>[ko̞.wun´]<i>;;s
Exclude;;verb;dotsa{do} </i>[do̞.tsä.do̞´]<i>;;s
Excuse;;verb;po{de} </i>[po̞.dɛ̝´]<i>;;s
Exhale;;verb;e{ko} </i>[ɛ̝.ko̞´]<i>;;s
Exhibit;;inan;{ye}je </i>[jɛ̝´.dʑɛ̝]<i>;;s
Exist;;verb;je{kyu} </i>[dʑɛ̝.kju´]<i>;;s
Expect;ZUGU;verb;zu{gu} </i>[zu.gu´]<i>;;s
Expire;;verb;;;s
Explain, teach;;verb;;When used as “teach” it is more informal;s
Exploit, tap;;verb;;;s
Extremity;;an;{ta}wezzo </i>[tä´.wɛ̝.z:o̞]<i>;;s
Eye;;an;tso </i>[tso̞]<i>;;s
Eyebrow;;an;a{bu}ha </i>[ä.bu´.hä]<i>;Borrowed from Oikan;s
Eyeliner;;inan;tso{gya} </i>[tso̞.gyä´]<i>;;s
Fabric;;inan;{tsa}kyoong </i>[tsä´.kyo̞:ŋ ]<i>;;s
Face;;an;zo{zi} </i>[zo̞.zi´]<i>;;s
Fact;;inan;;;s
Fake;;adj;{zam}ku </i>[zäm´.ku]<i>;;s
Fall;;verb;um{we} </i>[um.wɛ̝´]<i>;;s
Fall in love, become enfatuated with;;verb;;;s
False, not true;;adj;;;s
Family;;an;ke{zzo} </i>[kɛ̝.z:o̞´]<i>;;s
Fan (of something);;an;jasi </i>[dʑä.si]<i>;;s
Fang, canine tooth;;an;{ce}fun{long} </i>[tɕɛ̝´.fun.lo̞ŋ´]<i>;;s
Fantasize, daydream;;verb;;;s
Fantasy;;inan;{ling}e </i>[liŋ´.ɛ̝.]<i>;;s
Far;;adj;{u}zzo </i>[u´.z:o̞]<i>;;s
Farewell, goodbye;;;ha{non} </i>[hä.no̞n´]<i>;More formal then Cucis;s
Farm;;inan;di{deekam} </i>[di.dɛ̝´:.käm´]<i>;;s
Farmer;;an;se{pe}si </i>[sɛ̝.pɛ̝´.si]<i>;;s
Fart (formal);;inan;;;s
Fart (informal);;inan;;;s
Fart (vulgar);;inan;;;s
Fashion;;inan;;;s
Fast;;verb;tan{zhe} </i>[tän.ʑɛ̝´]<i>;;s
Fast, starve;;verb;dosi{we} </i>[do̞.si.wɛ̝´]<i>;;ahan
Fasting period;;inan;tanda </i>[tän.dä]<i>;;s
Fat;;inan;sa{be} </i>[sä.bɛ̝´]<i>;;s
Fat, Overweight;;adj;sa{be}je </i>[sä.bɛ̝´.dʑɛ̝ ]<i>;;s
Fate;;an;de{be} </i>[dɛ̝.bɛ̝´]<i>;;s
Father;PACA;an;pa{ca} </i>[pä.tɕä´]<i>;Used for nonkaneeds, borrowed from Loremese;s
Fatten;;verb;;;s
Favourite, most liked;;adj;ja{wo} </i>[dʑä.wo̞´]<i>;;s
Fear;;verb;shi </i>[ɕi]<i>;;s
Feast, binge, glut;;verb;;;s
Feather;;inan;co{du} </i>[tɕo̞.du´]<i>;;s
Feed;;verb;;;s
Feel (mental);;verb;so{zhe} </i>[so̞.ʑɛ̝´]<i>;;s
Feel (physical);;verb;dun{te} </i>[dun.tɛ̝´]<i>;;s
Feign;;verb;;;s
Femboy;;an;;;s
Feminize;;verb;;;s
Ferment;;verb;;;s
Fertilize;;verb;;;s
Few;;adj;e{yu} </i>[ɛ̝.ju´]<i>;;s
Field (geography);;inan;{da}fe </i>[dä´.fɛ̝]<i>;;s
Field, study;;inan;{ye}e{ye}ju{kang} </i>[jɛ̝´.ɛ̝.jɛ̝´.dʑu.käŋ´]<i>;;s
Fight;;verb;ko{tsa} </i>[ko̞.tsä´]<i>;;s
Filth;;inan;di{yo} </i>[di.jo̞´]<i>;;s
Filthy;;adj;di{yo} </i>[di.jo̞´]<i>;;s
Find;;verb;{tsi}he </i>[tsi´.hɛ̝]<i>;;s
Finger;;an;se{ta}we </i>[sɛ̝.tä´.wɛ̝]<i>;;s
Fingernail;;inan;zon{to} </i>[zo̞n.to̞´]<i>;;s
Fire;;an;de{ya} </i>[dɛ̝.jä´]<i>;;s
Firearm, gun;;inan;lo{lu}ka </i>[lo̞.lu´.kä]<i>;Borrowed from Azkali;ahan
Firearm, gun;;inan;{ta}de{paki} </i>[tä´.dɛ̝.pä´.ki´]<i>;;s
First person, 1st person;;prn;{ya} </i>[jä´]<i>;Borrowed from Loremese;religion
First person, 1st person;;prn;lo </i>[lo̞]<i>;;s
Fish;;an;po </i>[po̞]<i>;;s
Fish;;an;po{gu} </i>[po̞.gu´]<i>;;s
Fisherman;;an;posi </i>[po̞.si]<i>;;s
Five;5;;jim </i>[dʑim]<i>;;s
Fix;;verb;jan{ge}sa{se} </i>[dʑäŋ.gɛ̝´.sä.sɛ̝´]<i>;;s
Flag, banner;;inan;;;s
Flash, flashlight, torch, light;;inan;;;s
Flat;;adj;bese </i>[bɛ̝.sɛ̝]<i>;;s
Flatten;;verb;bese{tong} </i>[bɛ̝.sɛ̝.to̞n´]<i>;;s
Flavour;;inan;zu{te} </i>[zu.tɛ̝´]<i>;;s
Flesh;;an;;;s
Flicker;;verb;dan{na}kye </i>[dän.nä´.kjɛ̝]<i>;;s
Float;;verb;{ka}ko </i>[kä´.ko̞]<i>;;s
Floor, level;;inan;;;s
Flourish;;verb;;;s
Flow;;verb;e{ko} </i>[ɛ̝.ko̞´]<i>;;s
Flow;;an;e{ko}fo{nu} </i>[ɛ̝.ko̞´.fo̞.nu´]<i>;;s
Flower;;an;we </i>[wɛ̝]<i>;;s
Flower;;verb;we </i>[wɛ̝]<i>;;s
Flower love, romantic love;;verb;we{e}pese </i>[wɛ̝.ɛ̝´.pɛ̝.sɛ̝]<i>;;s
Flower love, romantic love;;verb;wepese </i>[wɛ̝.pɛ̝.sɛ̝]<i>;;ahan
Fluffy, fuzzy;;adj;;;s
Fly;;verb;de{le} </i>[dɛ̝.lɛ̝´]<i>;;s
Fog, mist;;inan;pu{de} </i>[pu.dɛ̝´]<i>;;s
Follow, tail, pursue, chase;;verb;de{tse} </i>[dɛ̝.tsɛ̝´]<i>;;s
Food, meal;;inan;e{lang} </i>[ɛ̝.läŋ´]<i>;when used as “meal” it is informal;s
Fool;;an;;;s
Fool;;verb;;;s
Foot, paw;;an;kan{suu} </i>[kän.su:´]<i>;;s
Footwear, shoe;;inan;{ya}kan </i>[jä´.kän]<i>;;s
Force;;inan;;;s
Force feed, make eat;;verb;ja{tonwe} </i>[dʑä.to̞n´.wɛ̝´]<i>;;s
Force, make (do something);;verb;ja{ton} </i>[dʑä.to̞n´]<i>;;s
Forclosure;;verb;;;s
Foreign;;adj;ke{yenta} </i>[kɛ̝.jɛ̝n´.tä´]<i>;;s
Forest;;an;zu{fu} </i>[zu.fu´]<i>;;s
Forever, eternity;;inan;do{ke} </i>[do̞.kɛ̝´]<i>;;s
Forge;;verb;{tsezhe}he </i>[tsɛ̝´.ʑɛ̝´.hɛ̝]<i>;;s
Forget, unlearn;;verb;;;s
Forgive;;verb;;;s
Fork;;inan;;;s
Formality marker;;;wa </i>[wä]<i>;Similar to お in some Japanese contexts;s
Fort;;inan;;;s
Fossil;;inan;woha{yi} </i>[wo̞.ha.ji´]<i>;;s
Fountain, water feature;;inan;wo{pefong} </i>[wo̞.pɛ̝´.fo̞ŋ´]<i>;;s
Four;4;;in{je} </i>[in.dʑɛ̝´]<i>;Used for dates;s
Four;4;;{kaan} </i>[kä:n´]<i>;;s
Fragment;;inan;;;s
Fragment, shatter;;verb;be{zhu} </i>[bɛ̝.ʑu´]<i>;;s
Fragrence;;an;{shoshe} </i>[ɕo´.ɕɛ̝´]<i>;;s
Fragrent;;adj;{shoshe} </i>[ɕo´.ɕɛ̝´]<i>;;s
France;KANADA;inan;u{ma}ka{na}da </i>[u.mä´.kä.nä´.dä]<i>;;real
Free;;adj;u{ya} </i>[u.jä´]<i>;;s
Free (of charge);;adj;po{sangku} </i>[po̞.säŋ´.ku´]<i>;;s
Free cities;;inan;u{yabe}wetu{sa} </i>[u.jä´.bɛ̝´.wɛ̝.tu.sä´]<i>;;s
Free cities resident;;an;u{yabe}wetu si </i>[u.jä´.bɛ̝´.wɛ̝.tu si]<i>;;s
Free love, friendly love;;verb;u{yae}pese </i>[u.jä´.ɛ̝´.pɛ̝.sɛ̝]<i>;;s
Free love, friendly love;;verb;u{ya}pese </i>[u.jä´.pɛ̝.sɛ̝]<i>;;ahan
Freeze;;verb;don{ko} </i>[do̞ŋ.ko̞´]<i>;;s
Freeze, make cold;;verb;son{kku} </i>[so̞ŋ.k:u´]<i>;;s
French exit, Irish exit, leave (without saying anything);;verb;zu{ze} </i>[do̞.zɛ̝´]<i>;;s
Fresh;;adj;de{ye}ze </i>[dɛ̝.jɛ̝´.zɛ̝]<i>;;s
Friend;;an;{sho}si </i>[ɕo´.si]<i>;;s
Friendship;;an;;;s
Front;;inan;se{de}ye </i>[sɛ̝.dɛ̝´.jɛ̝]<i>;;s
Frown;;an;e{zi} </i>[ɛ̝.zi´]<i>;;s
Frozen love, familial love;;verb;dong{koe}pese </i>[do̞ŋ.ko̞´.ɛ̝´.pɛ̝.sɛ̝]<i>;;s
Frozen love, familial love;;verb;dong{ko}pese </i>[do̞ŋ.ko̞´.pɛ̝.sɛ̝]<i>;;ahan
Fruit;;an;we{she}le </i>[wɛ̝.ɕɛ̝´.lɛ̝]<i>;;s
Fry;;verb;ma{fee} </i>[mä.fɛ̝:´]<i>;;s
Fuck, shit;JON;inan;yon </i>[jo̞n]<i>;;ahan
Fulfill;;verb;de{to} </i>[dɛ̝.to̞´]<i>;;s
Full;;adj;{je}de </i>[dʑɛ̝´.dɛ̝]<i>;Archaic;s
Full;;adj;{je}de </i>[dʑɛ̝´.dɛ̝]<i>;;s
Fun;;adj;;;s
Funny;;adj;le{keke} </i>[lɛ̝.kɛ̝´.kɛ̝´]<i>;;s
Furnace;;inan;{wo}ye </i>[wo̞´.jɛ̝]<i>;;s
Furniture;;inan;;;s
Further, more far;ITO;adj;{u}zzo{i}to </i>[u´.z:o̞.i´.to̞]<i>;;s
Future marker;;;;;s
Gallery;;inan;jo{zun}je </i>[dʑo̞.zun´.dʑɛ̝]<i>;;s
Game;;inan;zo{ka} </i>[zo̞.kä´]<i>;;s
Game;;verb;zo{ka} </i>[zo̞.kä´]<i>;;s
Gang, cartel;;an;{gotsa}si </i>[go̞´.tsä´.si]<i>;;s
Garbage, trash;;inan;su{pan} </i>[su.pän´]<i>;;s
Gardenia;;an;zho{pe}ku{sasho}we </i>[ʑo̞.pɛ̝´.ku.sä´.ɕo´.wɛ̝]<i>;;s
Garistan;KAZIDAN;inan;ka{zi}dan{sa} </i>[kä.zi´.dän.sä´]<i>;;s
Garistan (Language);KAZIDAN;inan;ka{zi}dan {di}ye </i>[kä.zi´.dän di´.jɛ̝]<i>;;s
Garistan (People);KAZIDAN;an;ka{zi}dan si </i>[kä.zi´.dän si]<i>;;s
Gate;;inan;pe{wa} </i>[pɛ̝.wä´]<i>;;s
Gemstone;;inan;;;s
Genetive marker;;;;Used as the genetive marker;s
Gerudo;;inan;;;hy
Get closer;;verb;yuya </i>[ju.jä´]<i>;;s
Ghostwrite;;verb;tu{tseje}si </i>[tu.tsɛ̝´.dʑɛ̝´.si]<i>;;s
Gibdo;;inan;;;hy
Gift;;inan;{ba}zhu </i>[bä´.ʑu]<i>;;s
Gift;;verb;;;s
Ginseng;;an;;;s
Girl;KALA;an;ka{la} </i>[kä.lä´]<i>;Informal, not usually used for younger females, borrowed from Azkali;s
Girl;;an;{pa}wala </i>[pä´.wä.lä]<i>;Used for nonkaneeds, borrowed from Loremese;s
Give;;verb;{ba} </i>[bä´]<i>;;s
Give (out of kindness), gunnen;;verb;so{ba} </i>[so̞.bä´]<i>;;s
Give permission, consent;;verb;wan </i>[wän]<i>;;s
Glance;;verb;{gu}ko </i>[gu´.ko̞]<i>;;s
Glass;;inan;li{she}pu{ye} </i>[li.ɕɛ̝´.pu.jɛ̝´]<i>;;s
Glasses;;inan;no{ze}dyi </i>[no̞.zɛ̝´.dji]<i>;;s
Gleeok;;an;;;hy
Gloves;;inan;{kye} </i>[kjɛ̝´.]<i>;;s
Gloves;;inan;{kyeya} </i>[kjɛ̝´.jä´]<i>;;ahan
Go (alone);;verb;je{wa} </i>[dʑɛ̝.wä´]<i>;;s
Go in a rave/club/bar/party already intoxicated, pregaming, predrinking;;verb;;slang;s
Go, move;;verb;je{pum} </i>[dʑɛ̝.pum´]<i>;;s
Goat;;an;be{waa} </i>[bɛ̝.wä:´]<i>;;s
Gochugang;;inan;;;s
Gochugaru;;inan;;;s
God;;an;{a} </i>[ä´]<i>;;ahan
God;;an;{u}te </i>[u´.tɛ̝]<i>;;s
God (Saul);;an;{sa}lu </i>[sä´.lu]<i>;;s
God (Shidama);;an;{tsi}dam </i>[tsi´.däm]<i>;;s
God (Ukilen), moon;;inan;;;s
God ray;;inan;;;s
Godly love;;verb;{u}te{e}pese </i>[u´.tɛ̝.ɛ̝´.pɛ̝.sɛ̝]<i>;Can be used to describe the love between a creator and a creation in any sense except for parents;s
Godly love;;verb;{u}tepese </i>[u´.tɛ̝.pɛ̝.sɛ̝]<i>;Can be used to describe the love between a creator and a creation in any sense except for parents;ahan
Gold;;inan;olasotana </i>[o̞.lä.so.tä.nä]<i>;Archaic;s
Gold;;inan;so{to} </i>[so̞.to̞´]<i>;;s
Good;;adj;so{de} </i>[so̞.dɛ̝´]<i>;;s
Goodbye;CUSI;;cu{si} </i>[tɕu.si´]<i>;;s
Goodness;;inan;so{de}de </i>[so̞.dɛ̝´.dɛ̝]<i>;;s
Goon;;verb;ye{fe}yeju </i>[jɛ̝.fɛ̝´.jɛ̝.dʑu]<i>;;s
Goron;GOLON;an;golon{zzo} </i>[go̞.lo̞n.z:o̞´]<i>;;hy
Gossip;;verb;de{ce} </i>[dɛ̝.tɕɛ̝´]<i>;;s
Gossip, the word;;inan;ye{we} </i>[jɛ̝.wɛ̝´]<i>;from: speech + blood;ahan
Grab;;verb;;;s
Grape;;an;;;s
Grasseater;;inan;za{sye}sisi </i>[zä.sjɛ̝´.si.si]<i>;Slur for goat Kaneeds;s
Grave, (small) tomb;;inan;{dosa} </i>[do̞´.sä´]<i>;;s
Great king, emperor;;an;e{le} </i>[ɛ̝.lɛ̝´]<i>;;s
Great, awesome;;adj;poo{ta} </i>[po̞:.tä]<i>;;s
Great, grand, major;;adj;poo{wa} </i>[po̞:.wä´]<i>;;s
Green;;adj;je{zhu} </i>[dʑɛ̝.ʑu´]<i>;;s
Green out;;verb;kaye{dade} </i>[kä.jɛ̝.dä´.dɛ̝´]<i>;;s
Grill;;verb;zho{co} </i>[ʑo̞.tɕo̞´]<i>;;s
Grotto;;an;;;s
Ground, floor;;inan;za{ti} </i>[zä.ti´]<i>;;s
Group;;an;te{yum} </i>[tɛ̝.jum´]<i>;;s
Grove, pocket (of nature), oasis;;an;;;s
Grow;;verb;e{len} </i>[ɛ̝.lɛ̝n´]<i>;;s
Growth;;an;e{len}fo{nu} </i>[ɛ̝.lɛ̝n´.fo̞.nu´]<i>;;s
Guard;;verb;;;s
Guardian;;inan;;;s
Guardian Angel;;inan;;;s
Guess;SEKO;verb;{se}ko </i>[sɛ̝´.ko̞]<i>;Borrowed from Azkali;ahan
Guess;;verb;su{sse} </i>[su.s:ɛ̝´]<i>;Uncommon;s
Guide, help;;verb;;;s
Gunjas creole;;inan;gun{ja} de{di}ye </i>[gun.dʑä´ dɛ̝.di´.jɛ̝]<i>;;s
Guts;;an;{si}we </i>[si´.wɛ̝]<i>;;s
Guy, unc;MALA;an;ma{la} </i>[mä.lä´]<i>;Informal, not usually used for younger males, borrowed from Azkali;s
Hair, fur;;an;be{se} </i>[bɛ̝.sɛ̝´]<i>;;s
Hair, fur;;an;su </i>[su]<i>;;ahan
Hairy gay man, bear;MAIGA;an;mai{ga} </i>[mä.i.gä´]<i>;Borrowed from Azkali;s
Half;;inan;ce{i} </i>[tɕɛ̝.i´]<i>;;s
Hallei;HALUSA;inan;ha{lu}sa{sa} </i>[hä.lu´.sä.sä´]<i>;;s
Hallucinate;;verb;{ling}so{zhe} </i>[liŋ´.so̞.ʑɛ̝´]<i>;;s
Hallusian (Language);HALUSA;inan;ha{lu}sa {di}ye </i>[hä.lu´.sä di´.jɛ̝]<i>;;s
Hallusian (People);HALUSA;an;ha{lu}sa si </i>[hä.lu´.sä si]<i>;;s
Hand, Paw;;an;{kye} </i>[kjɛ̝´]<i>;;s
Hangover;;inan;;;s
Happen;;verb;lo{ga} </i>[lo̞.gä´]<i>;;s
Happy, glad;;adj;zo{wun} </i>[zo̞.wun´]<i>;;s
Hard, tough;;adj;ke{zhe} </i>[kɛ̝.ʑɛ̝´]<i>;;s
Harm, beat, fight;;verb;{te}weyun </i>[tɛ̝´.wɛ̝.jun]<i>;;s
Harvest;;inan;su{ka} </i>[su.kä´]<i>;;s
Harvest;;verb;su{ka} </i>[su.kä´]<i>;;s
Hatchet;;inan;{ba}le </i>[bä´.lɛ̝]<i>;Borrowed from Jkawi;s
Hate (person);;verb;ja{dule} </i>[dʑä.du´.lɛ̝´]<i>;;s
Hate, live in someones head rent free;;verb;;;s
Have;;verb;ko{te} </i>[ko̞.tɛ̝´]<i>;;s
Have no idea;;verb;wu{te}mu{pe} </i>[wu.tɛ̝´.mu.pɛ̝:´]<i>;;s
He, 3rd person masculine;;prn;{sa} </i>[sä´]<i>;Borrowed from Loremese;religion
He, 3rd person masculine;;prn;so </i>[so̞]<i>;;s
He, 3rd person masculine;;prn;so </i>[so̞]<i>;historical, only used when trying to specify gender in text;s
Head;;an;zo{she} </i>[zo̞.ɕɛ̝´]<i>;;s
Heal;;verb;so{len} </i>[so̞.lɛ̝n´]<i>;;s
Health;;an;so{len} </i>[so̞.lɛ̝n´]<i>;;s
Hear;;verb;te{te} </i>[tɛ̝.tɛ̝´]<i>;;s
Heart;;an;shin{zang} </i>[ɕin.zäŋ´]<i>;;s
Heart attack;;an;bo{ye} </i>[bo̞.jɛ̝´]<i>;;s
Heart attack;;an;shin{tsa}di </i>[ɕin.tsä´.di]<i>;Very medical formal;s
Heartbeat;;an;shinko{je} </i>[ɕin.ko̞.dʑɛ̝´]<i>;;s
Heavy, big;;adj;je{ju} </i>[dʑɛ̝.dʑu´]<i>;;s
Hedgehog;;an;dusu{ha} </i>[du.su.hä´]<i>;;s
Heir;;an;{be}le </i>[bɛ̝´.lɛ̝]<i>;;s
Hell, underworld;;inan;nu{ya} </i>[nu.jä´]<i>;;s
Hello, hi;GI;;{gi} </i>[gi´]<i>;;s
Help;;verb;{sa} </i>[sä´]<i>;;s
Henralia;ENLALIJA;inan;en{la}li{ya}sa </i>[ɛ̝n.lä´.li.jä´.sä]<i>;;s
Henralian (Language);ENLALIJA;inan;en{la}li{ya} {di}ye </i>[ɛ̝n.lä´.li.jä´ di´.jɛ̝]<i>;;s
Henralian (People);ENLALIJA;an;en{la}li{ya} si </i>[ɛ̝n.lä´.li.jä´ si]<i>;;s
Heroin, drug;;inan;{pu}cewe </i>[pu´.tɕɛ̝.wɛ̝]<i>;Has been genericized in modern baphia to be any hard drug, especially in Turku ward it has been genericized to be any drug including medicinal, not including alcohol;s
Hesitate;;verb;;;s
Hibernate ;;verb;zan{ze} </i>[zän.zɛ̝´]<i>;;s
Hide;;verb;ke{we} </i>[kɛ̝.wɛ̝´]<i>;;s
High;;adj;ye{pe} </i>[jɛ̝.pɛ̝´]<i>;;s
High (amount);;adj;ye{pon} </i>[jɛ̝.pon´]<i>;;s
High, intoxicated;JEPE;adj;ye{pe} </i>[jɛ̝.pɛ̝´]<i>;;s
Hill, bump;;verb;zeko </i>[zɛ̝.ko̞]<i>;;s
Hinox;;an;;;hy
History;;inan;jo{ko}he </i>[dʑo̞.ko̞´.hɛ̝]<i>;;s
Hit;;verb;di </i>[di]<i>;;s
Hit, smoke;;verb;se{be} </i>[sɛ̝.bɛ̝´]<i>;;s
Hive;;inan;{capedyi} </i>[tɕä´.pɛ̝´.dji´]<i>;;s
Hold;;verb;du{te} </i>[du.tɛ̝´]<i>;;s
Hold;;verb;du{te} </i>[du.tɛ̝´]<i>;;s
Hole;;inan;{e}de </i>[ɛ̝´.dɛ̝]<i>;;s
Holiday, festival;;inan;;;s
Holy, god-like;;adj;{u}te </i>[u´.tɛ̝]<i>;;s
Honey;;inan;po{pe}ye </i>[po̞.pɛ̝´.jɛ̝]<i>;;s
Honour;;inan;se{he} </i>[sɛ̝.hɛ̝´]<i>;;s
Hope;;verb;ye{ze} </i>[jɛ̝.zɛ̝´]<i>;;s
Horn;;an;{zhe} </i>[ʑɛ̝´]<i>;;s
Horriblin;;an;;;hy
Horse;;an;{i}zan </i>[i´.zän]<i>;;s
Hospital;;inan;{len}de </i>[lɛ̝n´.dʑɛ̝]<i>;;s
Hot;;adj;ju{kyu} </i>[dʑu.kju´]<i>;;s
Hour;;inan;;;s
House, home;;inan;pe{dyi} </i>[pɛ̝.dji´]<i>;;s
How;;;;;s
Hoyoverse;HOJOBEZU;inan;hoyobezu </i>[ho̞´.jo̞.bɛ̝´.zu]<i>;;real
Hug;;verb;ze{gan} </i>[zɛ̝.gän´]<i>;;s
Hum;;verb;ke{do} </i>[ke.do´]<i>;;s
Human;;an;{o}beke </i>[o̞´.bɛ̝.kɛ̝]<i>;;s
Human;;an;{o}beke </i>[o̞´.bɛ̝.kɛ̝]<i>;Derogatory;s
Hummingbird;;an;;;s
Hundred;166;;{sun} </i>[sun´]<i>;this isn’t really 100, in base 10 it is 98, but is commonly used in prices in stores.;s
Hunger;;an;do{gan} </i>[do̞.gän´]<i>;;s
Hungry;;adj;do{gan} </i>[do̞.gän´]<i>;;s
Hunt;;verb;fe </i>[fɛ̝]<i>;;s
Hurry;;verb;;;s
Hurt;;verb;dizhu </i>[di.ʑu]<i>;;s
Hush, quiet down;;verb;;;s
Hydrangea;;an;;;s
Hyena;;an;no{pe} </i>[no̞.pɛ̝´]<i>;;s
Hylian;HAILU;inan;ha{i}lusi </i>[hä.i´.lu.si]<i>;;hy
Hylian tomato;HAILU;an;ha{i}lunuco{pe}le </i>[hä.i´.lu.nu.tɕo̞.pɛ̝´.lɛ̝]<i>;;hy
Hyrule;HAILU;inan;ha{i}lu </i>[hä.i´.lu]<i>;;hy
Ice;;inan;ze{dye} </i>[zɛ̝.djɛ̝´]<i>;;s
Idea;;inan;;;s
Idealize;;verb;;;s
Ideology;;inan;fo{lu}te </i>[fo̞.lu´.tɛ̝]<i>;;s
If;;;ko{ye} </i>[ko̞.jɛ̝´]<i>;;s
Ignore;;verb;;;s
Ihoshar;;inan;{yo}shasa </i>[jo̞´.ɕä.sä]<i>;;s
Ihoshari (Language);;inan;{yo}sha {di}ye </i>[jo̞´.ɕä.di´.jɛ̝]<i>;;s
Ihoshari (People);;an;{yo}sha si </i>[jo̞´.ɕä.si]<i>;;s
Ill, be sick;;verb;sa{de} </i>[sä.dɛ̝´]<i>;;s
Illness, virus, plague, disease, sickness;;an;sa{de}ne </i>[sä.dɛ̝´.nɛ̝]<i>;;s
Imagine;;verb;;;s
Impact;;verb;tan{zhe}di </i>[tän.ʑɛ̝´.di]<i>;;s
Important;;adj;;;s
Include;;verb;{tsa}do </i>[tsä´.do̞]<i>;;s
Incredibly, so, extremely;;adj;;;s
Incredibly, so, extremely, really, totally;AJO;adj;ayo </i>[ä.jo̞]<i>;;ahan
Incubus, demon (masculine);;inan;;;s
Independance;;adj;;;s
Independant;;adj;;;s
Infant, baby, young child;;an;pe{lezhu} </i>[pɛ̝.lɛ̝´.ʑu´]<i>;;s
Infect;;verb;we{de} </i>[wɛ̝.dɛ̝´]<i>;;s
Infection;;inan;we{de} </i>[wɛ̝.dɛ̝´]<i>;;s
Infertile;;inan;e{ye}la </i>[ɛ̝.jɛ̝´.lä]<i>;;s
Inform;;verb;;;s
Information;;inan;{be}wete </i>[bɛ̝´.wɛ̝.tɛ̝]<i>;;s
Injure;;verb;;;s
Inlet;;inan;;;s
Inscribe;;verb;;;s
Insect, bug;;an;{sye} </i>[sjɛ̝´]<i>;;s
Insecure;;adj;;;s
Insecurities;;inan;;Also used specifically for a part of someone that they don’t like, which they don’t feel necessarily insecure about;s
Inshallah, by god;MALISANAKOTSA;;{ma}lisana{ko}tsa </i>[mä´.li.sä.nä.ko̞´.tsä]<i>;Borrowed from Azkali<br>Inshallah is the closest cultural equivalent in English.;s
Inside;;inan;o{kam}an </i>[o̞.käm´.än]<i>;;s
Inspire;;verb;;;s
Inspire;;verb;;;s
Instrument;;inan;{iyan} </i>[i´.jän´]<i>;;s
Insult;;verb;;;s
Insult (jokingly);;verb;;;s
Interesting;;adj;kopu{lu} </i>[ko̞.pu.lu´]<i>;;s
International, globally;;adj;;;s
Internet, online;;inan;mu{si}an </i>[mu.si´.än]<i>;;ahan
Internet, online;;inan;;;s
Interrogate ;;verb;po{cyu} </i>[po̞.tɕju´]<i>;;s
Intuit;;verb;;;s
Investigate;;verb;;;s
Invite;;verb;{bakam} </i>[bä´.käm´ ]<i>;;s
Ion;;inan;;;s
Iron;;inan;do{mu} </i>[do̞.mu´]<i>;;s
Island;;inan;zam{gu} </i>[zäm.gu´]<i>;;s
Issue;;inan;;;s
Issue, part;;inan;;Almost always used for magazines but can also be used in episodic media;s
It;;prn;{sa} </i>[sä´]<i>;Borrowed from Loremese;religion
It;;prn;zho </i>[ʑo̞]<i>;;s
It;;prn;zho </i>[ʑo̞]<i>;historical, only used when trying to specify gender in text;s
Jackal;;an;{sa} </i>[sä´]<i>;;s
Je ne sais quoi, an indescrible quality;;inan;;;s
Jealous, envy;;verb;sa{zang}po </i>[sä.zäŋ´.po̞]<i>;;s
Jealousy, envy;;inan;sa{zangshe} </i>[sä.zäŋ´.ɕɛ̝´]<i>;;s
Jester;JOTSIKON;an;yo{tsi}kon </i>[jo̞.tsi´.ko̞n]<i>;Borrowed from Loremese;s
Jewel;;inan;{izang} </i>[i´.zäŋ´]<i>;;s
Jewelry;;inan;u{izang} </i>[u.i´.zäŋ´]<i>;Used exclusively for jewelry with jewels;s
Jewelry, accessory (fashion);;inan;u{de} </i>[u.dɛ̝´]<i>;More commonly used for non-jeweled jewelery, and accessories that may or may not have jewels;s
Jkawi;HAWI;inan;ha{wi}sa </i>[hä.wi´.sä]<i>;;s
Jkawi (Language);HAWI;inan;ha{wi} {di}ye </i>[hä.wi´.di´.jɛ̝]<i>;;s
Jkawi (People);HAWI;an;ha{wi} si </i>[hä.wi´.si]<i>;;s
Job, work;;inan;we{kam} </i>[wɛ̝.käm´]<i>;;s
Joint;;inan;ye{dazhe} </i>[jɛ̝.dä´.ʑɛ̝´]<i>;;s
Joint;;inan;;;s
Joke;;inan;;;s
Jolly, merry, happy (for a holiday);;adj;jole </i>[dʑo̞.lɛ̝]<i>;;real
Jot;;verb;;;s
Journal;;inan;;;s
Journal;;verb;;;s
Judge;;verb;san </i>[sän]<i>;;s
Judge;;an;sansi </i>[sän.si]<i>;Both in the legal sense and generally someone who is judgemental;s
Judge, observe (disrespectfully);;verb;san{gu} </i>[sän.gu´]<i>;;s
Judgement;;adj;san{gu}nu </i>[sän.gu´.nu]<i>;;s
Judgemental;;inan;san{gu} </i>[sän.gu´]<i>;;s
Jug;;inan;;;s
Juice, crushed fruit;;inan;{bishe} </i>[bi´.ɕɛ̝´]<i>;;s
Jump;;verb;{za} </i>[zä´]<i>;;s
Jump;;verb;{za} </i>[zä´]<i>;;s
Jupiter;;inan;hu{pyeke} </i>[hu.pjɛ̝´.kɛ̝´]<i>;;s
Jyosti;JOTSE;inan;yo{tse}sa </i>[jo̞.tsɛ̝´.sä]<i>;;s
Jyosti (People);JOTSE;an;yo{tse} si </i>[jo̞.tsɛ̝´.si]<i>;;s
Jyosti Baphian (Language);JOTSEBAFI;inan;yo{tse} ba{fi} {di}ye </i>[jo̞.tsɛ̝´ bä.fi´.di´.jɛ̝]<i>;;s
Jyostian (language);JOTSE;inan;yo{tse} {di}ye </i>[jo̞.tsɛ̝´.di´.jɛ̝]<i>;;s
Kasten;SADEN;inan;{sa}densa </i>[sä´.dɛ̝n.sä]<i>;;s
Kastenian;SADEN;inan;{sa}den si </i>[sä´.dɛ̝n si]<i>;;s
Keep;;verb;ze{ko} </i>[zɛ̝.ko̞´]<i>;;s
Keese;;an;;;hy
Kes;SE;inan;se {di}ye </i>[sɛ̝ di´.jɛ̝]<i>;;s
Kësh;;an;ki </i>[ki]<i>;See <a href=https://lot.icosahedr.online/wiki/Kaneedkind#Sexes>Kaneedkind sexes</a>;s
Ketamine;;inan;;;s
Keyboard;;inan;;;s
Kgokkonitlag;KOKODIDEGA;inan;ko{ko}di{de}ga{sa} </i>[ko̞.ko̞´.di.dɛ̝´.gä.sä´]<i>;;s
Kgokkonitlag (People);KOKODIDEGA;an;ko{ko}di{de}ga si </i>[ko̞.ko̞´.di.dɛ̝´.gä si]<i>;;s
Kickstart;;verb;;;s
Kidney;;an;{ku}la </i>[ku´.lä]<i>;;s
Kidney;;an;{ca} </i>[tɕä´]<i>;;s
Kill;;verb;be{syi} </i>[bɛ̝.sji´]<i>;;s
Kimchi;;inan;mu{le} </i>[mu.lɛ̝´ ]<i>;;s
Kimjang, making kimchi;;verb;mu{le}ja </i>[mu.lɛ̝´.dʑä]<i>;;s
Kind, nice, friendly, pleasant;;adj;{sho}ta </i>[ɕo´.ta]<i>;Borrowed from Jkawi;s
King (Chess);;inan;o{zha} </i>[o̞.ʑä´]<i>;Borrowed from Loremese;s
Kingdom, land;;inan;{kam}lun </i>[käm´.lun]<i>;;s
Kiss;;verb;pe{ze} </i>[pɛ̝.zɛ̝´]<i>;;s
Kitchen;;inan;;;s
Kjaxono (Language);GAONO;inan;{ga}ono {di}ye </i>[gä´.o̞.no̞ di´.jɛ̝]<i>;;s
Knee;;an;yu{pe} </i>[ju.pɛ̝´]<i>;;s
Knife;;inan;{ki}kam </i>[ki´.käm]<i>;;s
Knight;;an;{ke}ka </i>[kɛ̝´.kä]<i>;;s
Knight;;an;{ling}ke </i>[liŋ´.kɛ̝]<i>;;ahan
Knight (Chess);;inan;ya{zo} </i>[jä.zo̞´]<i>;Borrowed from Loremese;s
Knit;;verb;ku{be} </i>[ku.bɛ̝´]<i>;;s
Knock;;verb;ta{e} </i>[tä.ɛ̝´]<i>;;s
Know;;verb;{ye}yim </i>[jɛ̝´.jim]<i>;;s
Lace;;inan;;;s
Lack, not have;;verb;do{te} </i>[do̞.tɛ̝´]<i>;;s
Lake;;inan;nu </i>[nu]<i>;;s
Land;;inan;zam{fong} </i>[zäm.fo̞ŋ´]<i>;;s
Language;;inan;{di}ye </i>[di´.jɛ̝]<i>;;s
Languish, grow weak;;verb;;;s
Lapis lazuli;;inan;;;s
Lasia;LASIJA;inan;la{si}ya{sa} </i>[lä.si´.jä.sä´]<i>;;s
Lasian (People);LASIJA;an;la{si}ya si </i>[lä.si´.jä si]<i>;;s
Last;;verb;jede{ju} </i>[dʑɛ̝.dɛ̝.ju´]<i>;;s
Last, final;;adj;pe{ke} </i>[pɛ̝.kɛ̝´]<i>;;s
Laugh;;verb;le{ke} </i>[lɛ̝.kɛ̝´]<i>;;s
Launder (clothes);;verb;;;s
Launder (money);;verb;;;s
Lava;;inan;wojo{we} </i>[wo̞.dʑo̞.wɛ̝´]<i>;;s
Lavender;;an;;;s
Lavish, rich, exuberant, profuse;;adj;;;s
Lavish, splurge;;verb;;;s
Law, rule;;inan;{wa}wo </i>[wä´.wo̞]<i>;;s
Lay / lie (down);;verb;jo{da} </i>[dʑo̞.dä´]<i>;;s
Layer;;inan;dette </i>[dɛ̝.t:ɛ̝´]<i>;;s
Lead;;verb;{e}ce </i>[ɛ̝´.tɕɛ̝]<i>;;s
Leaf;;an;ja{kya} </i>[dʑä.kjä´]<i>;;s
Leak;;verb;;;s
Learn;;verb;su{ya} </i>[su.jä´]<i>;;s
Leash;;inan;;;s
Leather;;inan;kue{yacen} </i>[ku.ɛ̝.jä´.tɕɛ̝n´]<i>;;s
Leave, exit;;verb;zu{ze} </i>[zu.zɛ̝´]<i>;;s
Left (Direction);;adj;le{we} </i>[lɛ̝.wɛ̝´]<i>;;s
Leg;;an;de{tse} </i>[dɛ̝.tsɛ̝´]<i>;;s
Legacy;;an;;;s
Lemon;;an;{zzefo} </i>[z:ɛ̝´.fo̞´]<i>;;s
Lemonade, lemon juice;;inan;;;s
Length;;inan;;;s
Lentil;;an;fa{su} </i>[fä.su´]<i>;;s
Let, allow;;verb;ze{bee} </i>[zɛ̝.bɛ̝:´]<i>;;s
Library;;inan;mu{za}je </i>[mu.zä´.dʑɛ̝]<i>;;s
Lie (in bed);;verb;jo{da} </i>[dʑo̞.dä´]<i>;;s
Lie, tell untruths;;verb;edosan{ce} </i>[ɛ̝.do̞.sän.tɕɛ̝´]<i>;;s
Life;;an;so{be} </i>[so̞.bɛ̝´]<i>;Can be used for living things in general that is uncommon;s
Light;;inan;{e}kye </i>[ɛ̝´.kjɛ̝]<i>;;s
Light blue;;adj;{ma}wi </i>[mä´.wi]<i>;Borrowed from Jkawi. Uncommon;s
Lighter;;inan;{ta}de{pa} </i>[tä´.dɛ̝.pä´]<i>;;s
Like (someone);;verb;ja{du} </i>[dʑä.du´]<i>;;s
Like (something);;verb;zu{bbe} </i>[zu.b:ɛ̝´]<i>;;s
Like Iike;;an;;;hy
Lily;;an;;;s
Limb;;an;{ta}we </i>[tä´.wɛ̝]<i>;;s
Line;;inan;kin{gya} </i>[kin.gyä´]<i>;;s
Linger;;verb;;;s
Lion;;an;po{ting} </i>[po̞.tiŋ´]<i>;;s
Lip;;an;ke{ce}tu </i>[kɛ̝.tɕɛ̝´.tu ]<i>;;s
Liquid;;an;;;s
Listen;;verb;te{lu} </i>[tɛ̝.lu´]<i>;;s
Literally;;;;;ahan
Little one, kid, beta;;an;{jeje} </i>[dʑɛ̝´.dʑɛ̝´]<i>;;s
Live;;verb;je{se} </i>[dʑɛ̝.sɛ̝´]<i>;;s
Live;;verb;;;s
Live in;;verb;zo{dan} </i>[zo̞.dän´]<i>;;s
Liver;;an;ke{pe} </i>[kɛ̝.pɛ̝´]<i>;Archaic;s
Liver;;an;ke{pe} </i>[kɛ̝.pɛ̝´]<i>;;s
Living thing;;an;;;s
Lizalfos;;an;;;hy
Lizard, reptile;;an;goke </i>[go̞´.kɛ̝]<i>;;s
Lobotomy;;inan;se{jekye}te </i>[sɛ̝.dʑɛ̝´.kjɛ̝´.tɛ̝]<i>;;s
Locative, inside;;;;;s
Loiter;;verb;;;s
Long (for);;verb;lala{fa} </i>[lä.lä.fä´]<i>;;s
Long, big;;adj;de{yu} </i>[dɛ̝.ju´]<i>;;s
Look;EJA;verb;e{ya} </i>[e.jä´]<i>;Vulgar, borrowed from Kali creole;s
Look;;verb;gu </i>[gu]<i>;;s
Look (like);;verb;de{be} </i>[dɛ̝.bɛ̝´]<i>;;s
Loosen, free;;verb;;;s
Loremesia;;inan;lo{le}be{si}ya{sa} </i>[lo̞.lɛ̝´.bɛ̝.si´.jä.sä´]<i>;;s
Loremesian (Language);;inan;lo{le}be{si}ya {di}ye </i>[lo̞.lɛ̝´.bɛ̝.si´.jä di´.jɛ̝]<i>;;s
Loremesian (People);;an;lo{le}be{si}ya si </i>[lo̞.lɛ̝´.bɛ̝.si´.jä si]<i>;;s
Lose (Game, war);;verb;je{ppa} </i>[dʑɛ̝.p:ä´]<i>;;s
Lose (Person, thing);;verb;ke{zhe}le </i>[kɛ̝.ʑɛ̝´.lɛ̝]<i>;;s
Lot (land);;inan;;;s
Lot, group of people;;an;be{si} </i>[bɛ̝.si´]<i>;Informal;s
Lot, many;;adj;be{ka} </i>[bɛ̝.kä´]<i>;Informal;s
Loud;;adj;{poyan} </i>[po̞´.jän´]<i>;;s
Louse;;an;te{ye} </i>[tɛ̝.jɛ̝´]<i>;;s
Love;;verb;{e}pese </i>[ɛ̝´.pɛ̝.sɛ̝]<i>;;s
Lover;;an;don{ze} </i>[do̞n.zɛ̝´]<i>;;s
Low (amount);;adj;jo{pon} </i>[dʑo̞.pon´]<i>;;s
Lower;;verb;tin{pum} </i>[tin.pum´]<i>;;s
Lunar cycle;;inan;{ge}jesho{tse} </i>[gɛ̝´.dʑɛ̝.ɕo̞.tsɛ̝´]<i>;;s
Lunar phase, moon phase;;inan;{gelu}je </i>[gɛ̝´.lu´.dʑɛ̝]<i>;;s
Lunch;;inan;;;s
Lynel;;an;;;hy
Machine;;inan;kesi </i>[kɛ̝.si]<i>;;s
Mad, angry;;adj;de{zi} </i>[dɛ̝.zi´]<i>;;s
Magic;;inan;ye{pe}de{su} </i>[jɛ̝.pɛ̝´.dɛ̝.su´]<i>;;s
Magma;;inan;nu{wun}zam{fong}wojo{we} </i>[nu.wun´.zäm.fo̞ŋ´.wo̞.dʑo̞.wɛ̝´]<i>;;s
Mahjong;;inan;;;real
Mail;;verb;;;s
Mail, letter;;inan;{kye}zu{pe} </i>[kjɛ̝´.zu.pɛ̝´]<i>;;s
Maintain;;verb;du{tekye} </i>[du.tɛ̝´.kjɛ̝´]<i>;;s
Maintenance;;inan;du{tekye}fo{nu} </i>[du.tɛ̝´.kjɛ̝´.fo̞.nu´]<i>;;s
Make;;verb;ja{be} </i>[dʑä.bɛ̝´]<i>;;s
Make it, succeed;;verb;;;ahan
Makeup;;inan;pu{ko} </i>[pu.ko̞´]<i>;;s
Mall, shopping mall, shopping centre / center;;inan;;;s
Man;;an;ana </i>[ä.nä]<i>;Used for nonkaneeds, borrowed from Loremese;s
Mandrake;;inan;ko(be) </i>[ko̞.bɛ̝´]<i>;;s
Mania;GUŚUFJEŽU;inan;gu{shufye}zhu </i>[gu.ɕɛ̝´.fjɛ̝´.ʑu]<i>;;s
Mania;;an;gu{shufye}zhu </i>[gu.ɕɛ̝´.fjɛ̝´.ʑu]<i>;;ahan
Manipulate;;verb;;;s
Manual, by self;;adj;su{to} </i>[su.to̞´]<i>;;s
Manual, stickshift;;inan;su{su} </i>[su.to̞´]<i>;;s
Many;;adj;be{nun} </i>[bɛ̝.nun´]<i>;;s
Marijuana, weed, cannabis, drug (soft);;inan;kaye{da} </i>[kä.jɛ̝.dä´]<i>;Has been genericized in modern baphia to be any soft drug, not including alcohol;s
Mark, sign;;inan;;;s
Mars;;inan;jan{ke}kya </i>[dʑäŋ.kɛ̝´.kjä]<i>;;s
Marsh;;inan;;;s
Mascara;;inan;;;s
Masculanize;;verb;;;s
Master;;verb;;;s
Masturbate, jerk off;;verb;;;s
Match;;inan;de{pa} </i>[dɛ̝.pä´]<i>;;religion
Match;;inan;de{pa} </i>[dɛ̝.pä´]<i>;;s
Matkha;MADA;inan;ma{da}sa </i>[mä.dä´.sä]<i>;;s
Matkha (People);MADA;an;ma{da} si </i>[mä.dä´ si]<i>;;s
Meal;;inan;wafe{an} </i>[wä.fɛ̝.än´]<i>;Formal;s
Mean;;verb;mo{ze} </i>[mo̞.zɛ̝´]<i>;;s
Meat;;inan;din{te} </i>[din.tɛ̝´]<i>;;s
Medal, trophy;;inan;kan{syu} </i>[kän.sju´]<i>;;s
Medicine;;inan;so{shezhi} </i>[so̞.ɕɛ̝´.ʑi´]<i>;;s
Meditate;;verb;ze{ju}mu </i>[zɛ̝.dʑu´.mu]<i>;;s
Meet, gather;;verb;juje </i>[dʑu.dʑɛ̝´]<i>;;s
Meeting place;;inan;;;s
Member (of group);;an;;;s
Memory;;an;{e}tso </i>[ɛ̝´.tso̞]<i>;;s
Mend;;verb;;;s
Mental;;inan;mu{je}yan </i>[mu.dʑɛ̝´.jän]<i>;;s
Mercury (planet);;inan;u{je} </i>[u.dʑɛ̝´]<i>;;s
Merry Christmas;MARI KURISUMASE;;ma{li} ku{lisu}mase </i>[mä.li´ ku.li´.su´.mä.sɛ̝]<i>;;real
Merry, jolly, happy (for a holiday);;adj;jole{ke}da </i>[dʑo̞.lɛ̝.kɛ̝´.dä]<i>;;s
Merry, jolly, happy (for a holiday);MARI;adj;ma{li} </i>[mä.li´]<i>;;real
Message;;inan;{pe}teje </i>[pɛ̝´.tɛ̝.dʑɛ̝]<i>;;s
Messenger;;an;{pe}je{ba}si </i>[pɛ̝´.dʑɛ̝.bä´.si]<i>;;s
Metal;;inan;ke{te} </i>[kɛ̝.tɛ̝´]<i>;;s
Meteor, Comet;;inan;;;s
Method, style, way (of doing something);;inan;le{ya}te </i>[lɛ̝.jä´.tɛ̝]<i>;;s
Mevistan;BESIDAN;inan;be{si}dan{sa} </i>[bɛ̝.si´.dän.sä´]<i>;;s
Mevistani (People);BESIDAN;an;be{si}dan si </i>[bɛ̝.si´.dän si]<i>;;s
Microcontroller;;inan;;;s
Microsleep;;verb;{sazhe} </i>[sä´.ʑɛ̝´]<i>;;s
Middle;;adj;{fo}de </i>[fo̞´.de]<i>;;s
Middle, center;;adj;{fo} </i>[fo̞´]<i>;;s
Might, may, have a possibilty of doing;;verb;;;s
Militia, armed forces;;an;;;s
Milk;;inan;e{lang}we </i>[ɛ̝.läŋ´..wɛ̝]<i>;;s
Mine;;verb;mu{ja} </i>[mu.dʑä´]<i>;;s
Minecraft;;inan;mu{be} </i>[mu.bɛ̝´]<i>;;real
Mint;;verb;;;s
Minute;;inan;;;s
Mirror;;inan;;;s
Misotheism;;;;;
Misotheist;;;;;
Misunderstood;;adj;{na}pu </i>[nä´.pu]<i>;Borrowed from Jkawi;s
Moblin;;an;;;hy
Model (person);;inan;somugunusi </i>[so̞.mu.gu.nu.si ]<i>;;s
Model (type);;inan;{diinkang} </i>[di:n´.käŋ´]<i>;;s
Money, capital;;inan;po{sang} </i>[po̞.säŋ´]<i>;;s
Monoarchy;;inan;;;s
Monster;;an;we{za} </i>[wɛ̝.zä´]<i>;;s
Month;;inan;{ge} </i>[gɛ̝´]<i>;;s
Mood, tone, vibe;;inan;;;s
Moon worship;;inan;;;s
Moon, Stellar body;;an;{ge} </i>[gɛ̝´]<i>;;s
Moonrise;;an;{ge}ze </i>[gɛ̝´.zɛ̝]<i>;;s
More;ITO;adj;{i}to </i>[i´.to̞]<i>;;s
More, comparative;;adj;{zan} </i>[zän´]<i>;;s
Morning;;inan;{epe} </i>[ɛ̝´.pɛ̝´]<i>;;s
Moss;;an;;;s
Most, superlative;;adj;hu{zan} </i>[hu.zän´]<i>;;s
Mother;MACA;an;ma{ca} </i>[mä.tɕä´]<i>;Used for nonkaneeds;s
Mound (Big);;inan;;;s
Mound (Small);;inan;;;s
Mount;;verb;;;s
Mountain;;inan;ze{po} </i>[zɛ̝.po̞´]<i>;;s
Mountain love, sexual love;;verb;ze{poe}pese </i>[zɛ̝.po̞´.ɛ̝´.pɛ̝.sɛ̝]<i>;;s
Mountain love, sexual love;;verb;ze{po}pese </i>[zɛ̝.po̞´.pɛ̝.sɛ̝]<i>;;ahan
Mouse;;an;he{le} </i>[hɛ̝.lɛ̝´]<i>;;s
Mouth;;an;zu{ce} </i>[zu.tɕɛ̝´]<i>;;s
Move;;verb;ju{se} </i>[dʑu.sɛ̝´]<i>;;s
Movie, film;;inan;{kyo}she </i>[kjo̞´.ɕɛ̝]<i>;;s
Mud;;inan;zam{pe} </i>[zäm.pɛ̝´]<i>;;s
Music;;inan;so{yando} </i>[so̞.jän´.do̞´]<i>;;s
Mute, hush;;verb;;;s
Naked;;adj;do{teya} </i>[do̞.tɛ̝´.jä´]<i>;;s
Name;;inan;yetu </i>[jɛ̝.tu]<i>;;s
Nap;;verb;;;s
Narrow;;adj;{la}ye </i>[lä´.jɛ̝]<i>;;s
Nature, environment;;inan;;;s
Naval;;adj;;;s
Near;;adj;jo{tso} </i>[dʑo̞.tso̞´]<i>;;s
Neck;;an;{e}sa </i>[ɛ̝´.sä]<i>;;s
Necklace;;inan;;;s
Need;;verb;{e}zan </i>[ɛ̝´.zän]<i>;;s
Needle;;inan;to{de}gu </i>[to̞.dɛ̝´.gu]<i>;;s
Neon (element);;inan;{i}zenge </i>[i´.zɛ̝ŋ.ɛ̝]<i>;;s
Neon, very bright and saturated in colour;;adj;{i}zengze </i>[i´.zɛ̝ŋ.zɛ̝]<i>;;s
Neptune; ;inan;be{weje} </i>[bɛ̝.wɛ̝´.dʑɛ̝´ ]<i>;;s
Neutron;;inan;;;s
New;;adj;ja </i>[dʑä]<i>;;s
New;;adj;jang{ge} </i>[dʑäŋ.gɛ̝´]<i>;;s
News (media);;inan;ja{te} </i>[dʑä.tɛ̝´]<i>;;s
Newspaper;;inan;;;s
Next;;adj;fo{dam}tin </i>[fo̞.däm´.tin]<i>;;s
Nibble, pick at;;verb;;;s
Night;;an;ko{she} </i>[ko̞.ɕɛ̝´]<i>;;s
Night;;inan;;;s
Nine;13;;{gu}ko </i>[gu´.ko̞]<i>;Seen in a more slang sense, saying “in ju” is more formal;s
No, not;DO;;do </i>[do̞]<i>;Less formal than doku, used as a general negation;s
No, not;;;do </i>[do̞]<i>;More formal than spelling do but less formal than saying doku. Used as a general negation;s
No, not;;;do{ku} </i>[do̞.ku´]<i>;Used as a general negation;s
Noble;;adj;a{bang} </i>[ä.bäŋ´]<i>;;s
Nontemporal, “no matter”;;;;“No matter” /kä.i´.ku/;s
Normal, average;;adj;{to}bezo </i>[to̞´.bɛ̝.zo̞]<i>;;s
North;;inan;syo </i>[sjo̞]<i>;;s
Northern Azkali;;inan;syoza{ka}li{sa} </i>[sjo̞.zä.kä´.li.sä´]<i>;;s
Notch, dent;;inan;;;s
Note;;inan;;;s
Note;;verb;;;s
Nothing;;adj;do{diin} </i>[do̞.di:n´]<i>;;s
Now, right now;;adj;{ji}da </i>[dʑi´.dä]<i>;;s
Numb;;adj;mang{ke} </i>[mäŋ.kɛ̝´]<i>;;s
Number;;inan;{e}ta </i>[ɛ̝´.tä]<i>;;s
Nurture;;verb;;;s
Object;;inan;no{she} </i>[no̞.ɕɛ̝´]<i>;;s
Obsess;;verb;{ei}zeng </i>[ɛ̝´.i´.zɛ̝ŋ]<i>;;s
Obvious, given;;adj;{i}zenggu </i>[i´.zɛ̝ŋ.gu]<i>;;s
Occupy;;verb;;;s
Ocean;;inan;{ttugu} </i>[t:u´.gu´]<i>;;s
Octorok;;an;;;hy
Offer;;verb;{wa} </i>[wä´]<i>;;s
Office;;inan;;;s
Oh;AA;;{aa} </i>[ä:´]<i>;;ahan
Oh my god;AALOU;;{aa}lo{u} </i>[ä:´.lo̞.u´]<i>;;ahan
Oil (cooking);;inan;ma{i} </i>[mä.i´]<i>;;s
Oil (fuel), petroleum;;inan;;;s
Ok, alright;AHA;;a{ha} </i>[ä.hä´]<i>;;ahan
Old (person), elderly;;adj;{u}zhye </i>[u´.ʑjɛ̝]<i>;;s
Old, classic;;adj;u{ma} </i>[u.mä´]<i>;;s
Omen;;inan;guzu </i>[gu.zu]<i>;;s
One;1;;in </i>[in]<i>;;s
One of them;1;noun;insi </i>[in.si]<i>;;s
Onesie, babies clothes;;inan;pe{le}u{ya} </i>[pɛ̝.lɛ̝´.u.jä´]<i>;;s
Only, sole, singular, solo, alone;;adj;in{wa} </i>[in.wä´]<i>;;s
Open;;verb;be{he} </i>[bɛ̝.hɛ̝´]<i>;;s
Operate;;verb;;;s
Opposite;;adj;he{gee} </i>[hɛ̝.gɛ̝:´]<i>;;s
Opress;;verb;;;s
Or;DONUN;;do{nun} </i>[do̞.nun´]<i>;;s
Orange (colour);;adj;she{shu} </i>[ɕɛ̝.ɕu´]<i>;;s
Orange (fruit);;inan;she{fo} </i>[ɕɛ̝.fo̞´]<i>;;s
Orchid;;an;;;s
Order;;inan;de{suba} </i>[dɛ̝.su´.bä´]<i>;;s
Order;;inan;du{zo} </i>[du.zo̞´]<i>;;s
Ore;;inan;;;s
Osteros;SODEZO;inan;so{de}zo{sa} </i>[so̞.dɛ̝´.zo̞.sä´]<i>;;s
Osteros (People);SODEZO;an;so{de}zo si </i>[so̞.dɛ̝´.zo̞ si]<i>;;s
Other;;adj;de{yun} </i>[dɛ̝.jun´]<i>;;s
Other;;inan;de{yun} </i>[dɛ̝.jun´]<i>;;s
Out;;adj;ke{yen} </i>[kɛ̝.jɛ̝n´]<i>;;s
Outside;;inan;ke{yen}yan </i>[kɛ̝.jɛ̝n´.jän]<i>;;s
Oven, stove;;inan;wo{lang} </i>[wo̞.läŋ´]<i>;when used as “Stove” it is an Ahananism;s
Owe;;verb;;;s
Package;;inan;te{zhi} </i>[tɛ̝.ʑi´]<i>;;s
Package, wrap;;verb;te{zhi} </i>[tɛ̝.ʑi´]<i>;;s
Page, paper;;inan;zu{pe} </i>[zu.pɛ̝´]<i>;When used as “paper” it’s informal;s
Pain;;inan;dizhu </i>[di.ʑu]<i>;;s
Paint;;inan;tu{pe} </i>[tu.pɛ̝´]<i>;;s
Paint (on something);;verb;tu{pe} </i>[tu.pɛ̝´]<i>;;s
Pajamas;;inan;u{ya}muko{she} </i>[u.jä´.mu.ko̞.ɕɛ̝´]<i>;;s
Pale;;adj;{mon}yang </i>[mo̞n´.jäŋ]<i>;Borrowed from Jkawi;s
Pale;;adj;{mon}yang </i>[mo̞n´.jäŋ]<i>;Borrowed from Jkawi;s
Pants, trousers, bottoms;;inan;;;s
Paper;;inan;zu{pe}we </i>[zu.pɛ̝´.wɛ̝]<i>;;s
Parallel, side by side;;adj;in{zzo} </i>[in.z:o̞]<i>;;s
Parent;;an;{te} </i>[tɛ̝´]<i>;;s
Park;;inan;;;s
Park;;verb;;;s
Parking lot;;inan;;;s
Parliment;;an;ko{wa}zhu </i>[ko̞.wä´.ʑu]<i>;;s
Part;;inan;{i}zzo </i>[i´.z:o̞]<i>;;s
Part of, piece;;adj;{i}zzo </i>[i´.z:o̞]<i>;;s
Particle;;inan;se{zhu}zam{fong} </i>[sɛ̝.ʑu´.zäm.fo̞ŋ´]<i>;;s
Partner;;an;si{tsa} </i>[si.tsä´]<i>;;s
Party;;inan;;;ahan
Party;;inan;;;s
Pass;;verb;ke{pum} </i>[kɛ̝.pum´]<i>;;s
Passage;;inan;bu{wo} </i>[bu.wo´]<i>;;s
Passage of time, delimitative, continuative;;inan;{ke}ju </i>[kɛ̝´.dʑu]<i>;;s
Passive marker;;;;;s
Past;;noun;{po}ta </i>[po̞´.tä]<i>;Borrowed from Jkawi;s
Past;;inan;se{de}ye </i>[sɛ̝.dɛ̝´.jɛ̝]<i>;;s
Patch (software);;inan;ke{tsa} </i>[kɛ̝.tsä´]<i>;;s
Patch-work;;inan;{tsa}zzozo </i>[tsä´.z:o̞.zo]<i>;;s
Patch, (small) piece of fabric;;inan;kyooko </i>[kyo̞:.ko̞]<i>;Archaic, mostly used in the north;s
Patch, (small) piece of fabric;;inan;{tsa}zzo </i>[tsä´.z:o̞]<i>;;s
Path, road;;inan;lo{ye}te </i>[lo̞.jɛ̝´.tɛ̝]<i>;;s
Path, street, route;;inan;lo{yi} </i>[lo̞.ji´]<i>;;s
Patient;;an;{lende}si </i>[lɛ̝n´.dɛ̝´.si]<i>;;s
Pattern, formula;;inan;de{kang} </i>[dɛ̝.käŋ´]<i>;;s
Pause;;verb;;;s
Pavement, sidewalk, paving;;inan;wo{yi} </i>[wo̞.ji´]<i>;;s
Pawn (Chess);;inan;ma{hoto}la </i>[mä.ho̞´.to´.lä]<i>;Borrowed from Loremese;s
Pay;;verb;powo{zang} </i>[po̞.wo̞.zäŋ´]<i>;;s
Peace;;adj;zho{pe} </i>[ʑo̞.pɛ̝´]<i>;;s
Peach;;an;co{ke}le </i>[tɕo̞.kɛ̝´.lɛ̝]<i>;;s
Peak (of a mountain);;inan;;;s
Pebblit;;inan;;;hy
Peninsula;;inan;ce{igu} </i>[tɕɛ̝.i´.gu´]<i>;;s
Penis (formal);;an;o{te} </i>[o̞.tɛ̝´]<i>;;s
Penis (informal), dick;;inan;{dezum} </i>[dɛ̝´.zum´]<i>;;s
Penis (vulgar), dick, cock;;inan;de{kye} </i>[dɛ̝.kjɛ̝´]<i>;;s
People, group of people, kind of people;;an;;;s
Pepper (vegetable);;an;fu{pi} </i>[fu.pi´]<i>;;s
Peppercorn, pepper (seasoning);;an;{bipi} </i>[bi´.pi´]<i>;;s
Perceive;;verb;;;s
Perception;;inan;;;s
Perch;;verb;;;s
Perfect;;adj;;;s
Perform;;verb;;;s
Performance;;inan;;;s
Performative, fake;;adj;;;s
Performer;;an;;;s
Perfume;;inan;jim{te} </i>[dʑim.tɛ̝´]<i>;;s
Period (of time), moment;;inan;{ke}da </i>[kɛ̝´.dä]<i>;;s
Period, menstruation;;an;{gete} </i>[gɛ̝´.tɛ̝´]<i>;;s
Perk, bonus, “plus”;;inan;bbi{ba} </i>[bbi.bä´]<i>;;s
Persist; ;verb;an{ce} </i>[än.tɕɛ̝´]<i>;;s
Person;;an;si{ya} </i>[si.jä´]<i>;More formal than <ukilen></ukilen>;s
Personality;;inan;si{ya} </i>[si.jä´]<i>;;s
Pet;;an;eze{ya} </i>[ɛ̝.zɛ̝.jä´]<i>;;s
Pet bowl;;inan;eze{ya}nu{pe}yo </i>[ɛ̝.zɛ̝.jä´.nu.pɛ̝´.jo̞]<i>;;s
Petition;;verb;;;s
Phase, stage;;inan;{lu}je </i>[lu´.dʑɛ̝]<i>;;s
Photograph, picture;;inan;{ikyo} </i>[i´.kjo̞´]<i>;;s
Photosynthesis;;inan;ka{lo} </i>[kä.lo̞´]<i>;;s
Pick-me-up, counterbeer;;inan;;;s
Pick, choose;;verb;;;s
Pickaxe;;inan;ze{popa}te </i>[zɛ̝.po̞´.pä´.tɛ̝]<i>;;s
Pickaxe;;inan;ze{popa}te </i>[zɛ̝.po̞´.pä´.tɛ̝]<i>;;s
Pig;;an;su{ha} </i>[su.hä´]<i>;Borrowed from Oikan;s
Pile;;inan;;;s
Pilot (mech);PECE;an;pece </i>[pɛ̝.tɕɛ̝]<i>;Used exclusively in mech shows;s
Pilot (show);;inan;{e}ko{be} </i>[ɛ̝´.ko̞.bɛ̝´]<i>;;s
Pilot (vehicle, aircraft);;an;pe{ce}ce </i>[pɛ̝.tɕɛ̝´.tɕɛ̝]<i>;;s
Pink;;adj;coke </i>[tɕo̞.kɛ̝]<i>;;s
Piss, urine (vulgar);;an;;;s
Pity;;verb;;;s
Pizza;OTIKAMA;inan;oti{ka}ma </i>[o̞.ti.kä´.mä]<i>;Of Azkali origin, history of the dish is very contentious;s
Pizza;;inan;sokusu{lang} </i>[so̞.ku.su.läŋ´]<i>;Of Baphian origin, history of the dish is very contentious;s
Place;;inan;o{kam} </i>[o̞.käm´]<i>;;s
Plague;;inan;;;s
Plane (of existence);;inan;zo{dan}zotin{fong} </i>[zo̞.dän´.zo̞.tin.fo̞ŋ´]<i>;;s
Plane, field;;inan;tin{fong} </i>[tin.fo̞ŋ´]<i>;;s
Plant;;an;di{de} </i>[di.dɛ̝´]<i>;;s
Plant for bugs, inedible plants classifier, bug (archaic);;inan;{sye}yun </i>[sjɛ̝´.jun]<i>;;s
Plastic;;inan;;;ahan
Plastic;;inan;;;s
Plate;;inan;;;s
Plateau;;inan;;;s
Play;;verb;o{yu}no </i>[o̞.ju´.no̞]<i>;;s
Play (instrument, music, song);;verb;no{iyan} </i>[no̞.i´.jän´]<i>;;s
Play (with kids);;verb;o{le} </i>[o̞.lɛ̝´]<i>;Can obviously mean a lot of things depending on context, usually it means playing easier for little kids;s
Plaza, market;;inan;;;s
Plural marker;;;{we} </i>[wɛ̝´]<i>;;s
Pocket (clothes);;inan;;;s
Podcast;;inan;;;s
Poe;;inan;;;hy
Point (of something);;inan;;;s
Point, end, peak (of a mountain);;inan;;;s
Poison;;verb;{de}ju </i>[dɛ̝´.dʑu]<i>;;s
Political;;adj;;;s
Politics;;inan;;;s
Pond bird, duck, swan;;an;fe{de} </i>[fɛ̝.dɛ̝´]<i>;;s
Poop (Formal), feces;;inan;;;s
Poop (Informal);;inan;;;s
Pop music, pop;KONUN;inan;ko{nun} </i>[ko̞.nun´]<i>;;s
Pop off, go off;;verb;donge </i>[do̞n.gɛ̝]<i>;;ahan
Popular, famous;;adj;ko{wa}be{nun} </i>[ko̞.wä´.bɛ̝.nun´]<i>;;s
Pores;;an;be{kyekye} </i>[bɛ̝.kjɛ̝´.kjɛ̝´]<i>;;ahan
Pores;;an;dongdong </i>[do̞ŋ.do̞ŋ]<i>;;s
Pork;;inan;su{te} </i>[su.tɛ̝´]<i>;;s
Port;;inan;zon{dyi} </i>[zo̞n.dji´]<i>;;s
Port (Computer);;inan;{zon} </i>[zo̞n´]<i>;;s
Positron;;inan;;;s
Postpone;;verb;;;s
Potato;;inan;za{she} </i>[zä.ɕɛ̝´]<i>;;s
Potential;;inan;sjɛ̝ </i>[sjɛ̝]<i>;;s
Potion;;inan;;;s
Poultry, chicken (meat);;inan;;;s
Pounce, jump (violently);;verb;{za}di </i>[zä´.di]<i>;;s
Pour;;verb;;;s
Powder;;inan;{la}ma </i>[lä´.mä]<i>;Borrowed from Jkawi;s
Power;;inan;kaa </i>[kä:]<i>;Treveist;s
Power;;an;o{wa}ke </i>[o̞.wä´.kɛ̝]<i>;;s
Power;;an;o{we} </i>[o̞.wɛ̝´]<i>;;s
Praise;;verb;sotue </i>[so̞.tu.ɛ̝.]<i>;;s
Predict;;verb;;;s
Prepare;;verb;{basye} </i>[bä´.sjɛ̝´]<i>;;s
President;;an;;Only used for democratically elected presidents;s
President (company);;an;;;s
Press (on);;verb;;;s
Pretty, nice-looking;;adj;ze{pu} </i>[zɛ̝.pu´]<i>;;s
Previous, last;;adj;ka{le}tin </i>[kä.lɛ̝´.tin]<i>;;s
Pride;;inan;;;s
Priest (General);;an;{u}tu </i>[u´.tu]<i>;;s
Priest (Saulist);;an;{sa}lu{ko} </i>[sä´.lu.ko̞´]<i>;Borrowed from Loremese;s
Priest (Shidamist);;an;sho{teu}tu </i>[ɕo̞.tɛ̝´.u´.tu.]<i>;;s
Priest (Treveist);;an;{geu}tu </i>[gɛ̝´.u´.tu.]<i>;;s
Prince;;an;;;s
Princess;;an;;;s
Principalities (angel);;inan;;;s
Prison;;inan;;;s
Prisoner;;an;;;s
Private;;adj;;;s
Problem, dilemma;;inan;ke{yo}pu{lu} </i>[kɛ̝.jo̞´.pu.lu´]<i>;;s
Produce;;verb;in{za} </i>[in.zä´]<i>;;s
Product, item for sale;;inan;po{badiin} </i>[po̞.bä´.di:n´]<i>;;s
Production;;inan;in{za}fo{nu} </i>[in.zä´.fo̞.nu´]<i>;;s
Program, regimen;;inan;;;s
Project;;inan;;;s
Prophecy, legend;;inan;mu{ye}tu </i>[mu.jɛ̝´.tu]<i>;;s
Prophesize;;verb;;;s
Prostitute, harlot;;an;;;s
Proton;;inan;;;s
Proud;;verb;;;s
Provide, give;;verb;{ba} </i>[bä´]<i>;;s
Province;;inan;;;s
Proxy;;verb;;;s
Proxy-rule;;verb;;;s
Public;;adj;;;s
Publish;;verb;;;s
Pull;;verb;{da}de </i>[dä´.dɛ̝]<i>;;s
Puma, cougar, wild cat;;an;ting{li} </i>[tiŋ.li´]<i>;;s
Puppet;;inan;tu{tse} </i>[tu.tsɛ̝´]<i>;;s
Purple;;adj;coshu </i>[tɕo̞.ɕu]<i>;;s
Purpose;;inan;;;s
Purse, handbag, tote bag;;inan;du{ze} </i>[du.zɛ̝´]<i>;;s
Pursue, chase;;verb;;;s
Push;;verb;{bi}te </i>[bi´.tɛ̝]<i>;;s
Push rocks down onto enemies;;verb;{bi}wo{zang} </i>[bi´.wo̞.zäŋ´]<i>;;s
Put asleep, knocked out;;verb;;;s
Put down;;verb;{a}te </i>[ä´.tɛ̝]<i>;;s
Quake, shake;;verb;je{ge} </i>[dʑɛ̝.gɛ̝´]<i>;;s
Quark;;inan;;;s
Queen (Chess);;inan;o{lizya}ni </i>[o̞.li´.zjä´.ni]<i>;Borrowed from Loremese;s
Question;;inan;u{sya} </i>[u.sjä´]<i>;;s
Question marker;;;{yu} </i>[ju´]<i>;Used to mark a statement being a question, optional but encouraged;s
Question, ask;;verb;;;s
Quick, fast;;verb;ge </i>[gɛ̝]<i>;;s
Rabbit;;an;la{wa} </i>[lä.wä´]<i>;;s
Race;;verb;;;s
Rail, track;;inan;;;s
Railway;;inan;;;s
Rain;;verb;ja{mu} </i>[dʑä.mu´]<i>;;s
Rainbow;;an;ye{zum} </i>[jɛ̝.zum´]<i>;;s
Raise (pay);;verb;{sangfe} </i>[säŋ´.fɛ̝´]<i>;;s
Raise (up);;verb;{e}ze{pum} </i>[ɛ̝´.zɛ̝.pum´]<i>;;s
Raliza;;an;la{li}zha </i>[lä.li´.ʑä]<i>;;s
Ranch;;inan;sepe </i>[sɛ̝.pɛ̝´]<i>;;s
Rank (of army, game);;inan;yu{pe} </i>[ju.pɛ̝´]<i>;;s
Rape;;verb;zing{ton} </i>[ziŋ.to̞n´]<i>;;s
Rare;;adj;ke{yo} </i>[kɛ̝.jo̞´]<i>;;s
Rare;;adj;ke{yo}de </i>[kɛ̝.jo̞´.dɛ̝]<i>;;s
Rat;;an;he{tu} </i>[hɛ̝.tu´]<i>;;s
Reach (for);;verb;je{pum} </i>[dʑɛ̝.pum´]<i>;;s
Reach an objective, reach a place;;verb;zo{de}zhono </i>[zo̞.dɛ̝:´.ʑo̞.no̞]<i>;;s
Read;;verb;u{sye}ke </i>[u.sjɛ̝´.kɛ̝]<i>;;s
Real;;adj;;;s
Realise / realize, understand;;verb;;;s
Reason, motive;;inan;{ba}tso </i>[bä´.tso]<i>;;s
Receive, get;;verb;si{de}du </i>[si.dɛ̝´.du]<i>;;s
Recent;;adj;jo{ge} </i>[dʑo̞.gɛ̝´]<i>;;s
Recieve;;verb;si{de} </i>[si.dɛ̝´]<i>;;s
Record;;verb;{sha}ke </i>[ɕä´.kɛ̝]<i>;;s
Recording;;inan;{sha}ke </i>[ɕä´.kɛ̝]<i>;;s
Recover;;verb;;;s
Red;;adj;co{shu} </i>[tɕo̞.ɕu´]<i>;;s
Redden, baphianize;IKIZI;verb;iki{zi} </i>[i.ki.zi´]<i>;Usually derogatory, borrowed from Tithri;ahan
Redden, baphianize;;verb;co{shuwa} </i>[tɕo̞.ɕu´.wä´]<i>;;s
Redead;;inan;;;hy
Reed, Grass;;an;za{sye} </i>[zä.sjɛ̝´]<i>;;s
Reference;;noun;;;s
Reference;;noun;;;s
Reflect (light);;verb;;;s
Refund;;verb;;;s
Region, area;;inan;za{mi} </i>[zä.mi´]<i>;;s
Regulate;;verb;;;s
Rejoice;;verb;;;s
Relax;;verb;;;s
Relay;;verb;;;s
Release, set off, let out;;verb;pɛ̝.wo̞ </i>[pɛ̝.wo̞]<i>;;s
Remain;;verb;zhu{le} </i>[ʑu.lɛ̝´]<i>;;s
Remember;;verb;yu{tin} </i>[ju.tin´]<i>;;s
Remove;;verb;e{ke} </i>[ɛ̝.kɛ̝´]<i>;;s
Renew;;verb;;;s
Rent;;verb;;;s
Repair;;verb;;;s
Report;;verb;yu{ba} </i>[ju.bä´]<i>;;s
Represent (legally);;verb;;Can be used to generally mean representing something;s
Represent (politically);;verb;;;s
Republic;;inan;;;s
Require;;verb;{tsi}pe </i>[tsi´.pɛ̝]<i>;;s
Research;;verb;;;s
Respond;;verb;fo{ye}tu </i>[fo̞.jɛ̝´.tu]<i>;;s
Rest;;verb;tetsa </i>[tɛ̝.tsä]<i>;;s
Restore;;verb;;;s
Result;;inan;{e}zhu </i>[ɛ̝´.ʑu]<i>;;s
Revolt;;verb;;;s
Rice, grains;;inan;ma{kyo} </i>[mä.kjo̞´]<i>;;s
Ride;;verb;{e}ze{pwi} </i>[ɛ̝´.zɛ̝.pwi´]<i>;;s
Ride on horseback;;verb;{e}zezan </i>[ɛ̝´.zɛ̝.zän]<i>;;s
Rider, jockey;;an;{e}zesi </i>[ɛ̝´.zɛ̝.si]<i>;;s
Right (direction);;inan;{tsi}nuu </i>[tsi´.nu:]<i>;;s
Ring (jewelry);;inan;shou{de} </i>[ɕo̞.u.dɛ̝´]<i>;;s
Ripen;;verb;;;s
Rito;;an;;;hy
River;;an;{ju}ga </i>[dʑu´.gä]<i>;;s
River;;an;{ju}ga </i>[dʑu´.gä]<i>;Archaic;s
Road, highway;;inan;de{kye} </i>[dɛ̝.kjɛ̝´]<i>;;s
Roar, scream (animal);;verb;{po}ge </i>[po̞´.gɛ̝]<i>;;s
Roast (cooking);;verb;zho{we} </i>[ʑo̞.wɛ̝´]<i>;;s
Roast, insult (playfully);;verb;;;s
Rockeater;;inan;wo{zang}sisi </i>[wo̞.zäŋ´.si.si]<i>;Slur for Kalis;s
Rod (metal), blade (unattached);;inan;;;s
Rodent;;an;he{la}to </i>[hɛ̝.lä´.to̞]<i>;;s
Roll (over, around);;verb;je{ze} </i>[dʑɛ̝.ʑɛ̝´]<i>;;s
Romance;;verb;{e}pein </i>[ɛ̝´.pɛ̝.in]<i>;;s
Romance, romantic;;an;{e}pejan </i>[ɛ̝´.pɛ̝.dʑän]<i>;;s
Roof;;inan;{o}deyu </i>[o̞´.dɛ̝.ju]<i>;;s
Roof;;inan;{o}ti </i>[o̞´.ti]<i>;;s
Rook (Chess);;inan;di{li}zo </i>[di.li´.zo̞]<i>;Borrowed from Loremese;s
Room;;inan;he{de} </i>[hɛ̝.dɛ̝´]<i>;;s
Root;;an;ko </i>[ko̞]<i>;;s
Rope;;inan;la{ye} </i>[lä.jɛ̝´]<i>;;s
Rose;;an;;;s
Rosiastan;LOSIJA;inan;lo{si}ya{sa}sa </i>[lo̞.si´.jä.sä´.sä]<i>;;s
Rosiastani (Language);LOSIJA;inan;lo{si}ya{sa} {di}ye </i>[lo̞.si´.jä.sä´ di´.jɛ̝]<i>;;s
Rosiastani (People);LOSIJA;an;lo{si}ya{sa} si </i>[lo̞.si´.jä.sä´ si]<i>;;s
Rostav;ZOWA;inan;{zo}wasa </i>[zo̞´.wä.sä]<i>;;s
Rostav (People);ZOWA;an;{zo}wa si </i>[zo̞´.wä si]<i>;;s
Rot;;verb;so{de} </i>[so̞.dɛ̝´]<i>;;s
Rotten;;adj;so{de}in </i>[so̞.dɛ̝´.in]<i>;;s
Round;;adj;{go}yo </i>[go̞´.jo̞]<i>;;s
Royalty, king, queen;;inan;lun{ling} </i>[lun.liŋ´]<i>;;s
Rub;;verb;mun{she}yu </i>[mun.ɕɛ̝´.ju]<i>;;s
Ruin;;verb;;;s
Ruin, destroyed building, burning building;;inan;;;s
Rule, lead;;verb;{e}lun </i>[ɛ̝´.lun]<i>;;s
Rumour;;inan;;;s
Rumour;;verb;;;s
Rumourmonger, chismosa;;an;;;s
Run;;verb;{e}she </i>[ɛ̝´.ɕɛ̝]<i>;;s
Runway;;inan;;;s
Sad;;adj;e{she} </i>[ɛ̝.ɕɛ̝´]<i>;;s
Salad;;inan;;;s
Salt;;inan;to{ze} </i>[to̞.zɛ̝´]<i>;;s
Same;;adj;de{su} </i>[dɛ̝.su´]<i>;;s
Sand;;inan;li{she} </i>[li.ɕɛ̝´]<i>;;s
Sanguine, blood (formal);;an;jo{we} </i>[dʑo̞.wɛ̝´]<i>;;s
Satisfy;;verb;;;s
Saturn;;inan;{sang} </i>[säŋ´]<i>;;s
Saute;;verb;;;s
Savour;;verb;;;s
Say, talk, speak;;verb;e{ye}tu </i>[ɛ̝.jɛ̝´.tu]<i>;;s
Saying, phrase;;inan;e{ye}ye </i>[ɛ̝.jɛ̝´.jɛ̝]<i>;;s
Scales;;an;{icen} </i>[i´.tɕɛ̝n´]<i>;usually used in reference to fish scales but can be used for all scales;s
Scales;;inan;{su}pi </i>[su´.pi]<i>;Borrowed from Jkawi. Usually used by non-kalis or jkawi in refrence to scales;s
Scarab;;an;{hu}fu </i>[hu´.fu]<i>;Borrowed from Jkawi;s
Scare;;verb;posum{po} </i>[po̞.sum.po̞´]<i>;;s
Scare, terrorise / terrorize;;verb;posum{po} </i>[po̞.sum.po̞´]<i>;;s
Schizophrenia;;inan;ke{semkyu}do{ki}deyan </i>[kɛ̝.sɛ̝m´.kju´.do̞.ki´.dɛ̝.jän]<i>;;s
School;;inan;{ye}pe{dyi} </i>[jɛ̝´.pɛ̝.dji´]<i>;;s
Scorpion;;an;du{sa} </i>[du.sä´]<i>;;s
Scout, survey;;verb;;;s
Scratch;;verb;{i}ge </i>[i´.gɛ̝]<i>;;s
Scream;;verb;{poce} </i>[po̞´.tɕɛ̝´]<i>;;s
Script, Character;;inan;{i}ge </i>[i´.gɛ̝]<i>;;s
Scrub;;an;;;hy
Sea;;an;din{gu} </i>[diŋ.gu´]<i>;;s
Seal;;inan;te{de}to </i>[tɛ̝.dɛ̝´.to̞]<i>;;s
Seal;;verb;te{de}to </i>[tɛ̝.dɛ̝´.to̞]<i>;;s
Sear;;verb;;;s
Season;;an;u{le} </i>[u.lɛ̝´]<i>;;s
Season;;an;u{le}ye </i>[u.lɛ̝´.jɛ̝]<i>;;s
Seat;;verb;;;s
Seat, chair (formal);;inan;;;s
Second (time);;inan;;;s
Second person, 2nd person, you;;prn;e </i>[ɛ̝]<i>;;s
Second person, 2nd person, you;;prn;{tu} </i>[tu´]<i>;Borrowed from Loremese;religion
Secret;;inan;ke{so} </i>[kɛ̝.so̞´]<i>;;s
Secure, make safe;;verb;;;s
Secure, safety;;adj;ze{gu} </i>[zɛ̝.gu´]<i>;;s
See you later;;;gu{to}fo </i>[gu.to̞´.fo̞]<i>;informal;s
See, examine;;verb;gu </i>[gu]<i>;;s
Seed;;an;{ba} </i>[bä´]<i>;;s
Seem;;verb;gu{we} </i>[gu.wɛ̝´]<i>;;s
Seem (clothes);;inan;;;s
Self-defence;;inan;;;s
Self-harm, cut;;verb;;;s
Self-harm, self-mutilation;;inan;;;s
Selfemulation;;verb;;;s
Sell;;verb;e{ko} </i>[ɛ̝.ko̞´]<i>;;s
Semen (formal);;an;;;s
Semen (informal);;an;;;s
Send, submit, publish;;verb;pe{de} </i>[pɛ̝.dɛ̝´]<i>;;s
Sentence;;inan;;;s
Serve;;verb;ba{to} </i>[bä.to̞´]<i>;;s
Service;;inan;;;s
Service (industry);;inan;;;s
Set;;verb;a{ta} </i>[ä.tä´]<i>;;s
Settings, config;ŽI;inan;de{yazhi} </i>[dɛ̝.jä´.ʑi´]<i>;;s
Settle;;verb;;;s
Seven;11;;{daa} </i>[dä:´]<i>;Seen in a more slang sense, saying “in in” is more formal;s
Sew;;verb;ji{de} </i>[dʑi.dɛ̝´]<i>;;s
Sewage;;inan;;;s
Sewer;;inan;;;s
Sex, have sex, fuck;;verb;zing{ge}yo </i>[ziŋ.gɛ̝´.jo̞]<i>;;s
Sexy, hot;;adj;dʑu.kju´ </i>[dʑu.kju´]<i>;;ahan
Shape;;inan;sohe </i>[so̞.hɛ̝´]<i>;;s
Share;;verb;ba{tso} </i>[bä.tso̞´]<i>;;s
Shark;;an;ku{ze} </i>[ku.zɛ̝´]<i>;;s
Sharp;;adj;{ce}to{ko} </i>[tɕɛ̝´.to̞.ko̞´]<i>;;s
She, 3rd person feminine, ;;prn;{sa} </i>[sä´]<i>;Borrowed from Loremese;religion
She, 3rd person feminine, ;;prn;zo </i>[zo̞]<i>;;s
She, 3rd person feminine, ;;prn;zo </i>[zo̞]<i>;historical, only used when trying to specify gender in text;s
Sheep;;an;{zhe}maa </i>[ʑɛ̝´.mä:]<i>;;s
Shine, lit;;verb;;;s
Shirt, top;;inan;;;s
Shit, poop (vulgar);;inan;;;s
Shock;;verb;;;s
Shoot (a gun);;verb;donge </i>[do̞n.gɛ̝]<i>;;s
Shop;;verb;si{to} </i>[si.to´]<i>;;ahan
Shop;;inan;si{tokam} </i>[si.to´.käm´]<i>;;s
Short;;adj;{sa}te </i>[sä´.tɛ̝]<i>;;s
Should, ought to;;verb;;;s
Show, present;;verb;ko{be}ze </i>[ko̞.bɛ̝´.zɛ̝]<i>;;s
Shrimp;;an;;;s
Sibling;;an;se{sshe} </i>[sɛ̝.ɕ:ɛ̝´]<i>;;s
Sibling of a parent, aunt, uncle;;an;{o}pecim </i>[o̞´.pɛ̝.tɕim]<i>;;s
Sick;;verb;{a}se </i>[ä´.sɛ̝]<i>;;s
Side;;inan;in </i>[in]<i>;;s
Side (math);;inan;bezzo </i>[bɛ̝.z:o̞]<i>;;s
Side dish;;inan;;;s
Sight;;inan;gufo </i>[gu.fo̞]<i>;;s
Sign;;verb;;;s
Sign, board;;inan;;;s
Silent;;adj;do{yan} </i>[do̞.jän´]<i>;;s
Silver;;inan;{i}zengke{te} </i>[i´.zɛ̝ŋ.kɛ̝.tɛ̝´ ]<i>;Archaic;s
Silver;;inan;kum{we} </i>[kum.wɛ̝´]<i>;;s
Similar;;adj;;;s
Simmer;;verb;;;s
Simple;;adj;;;s
Sin;;verb;;;s
Sine (formal);;inan;sho{zzo} </i>[ɕo̞.z:o̞´]<i>;;s
Sing;;verb;lu{do} </i>[lu.do̞´]<i>;;s
Sister;SAZO;an;sa{zo} </i>[sä.zo̞´]<i>;Used for nonkaneeds, borrowed from Loremese;s
Sit;;verb;{pwi}she </i>[pwi´.ɕɛ̝]<i>;;s
Situation, deal, cause, circumstance;;inan;sa{se} </i>[sä.sɛ̝´]<i>;;s
Six;6;;nu </i>[nu]<i>;;s
Size;;inan;;;s
Skill;;inan;mu{se} </i>[mu.sɛ̝´]<i>;;s
Skin;;an;su{cen} </i>[su.tɕɛ̝n´]<i>;;s
Skulltula;;an;;;hy
Sky;;an;o{do}ku </i>[o̞.do̞´.ku]<i>;Historical;s
Sky;;an;o{do}ku </i>[o̞.do̞´.ku]<i>;;s
Sleep;;verb;te{zhe} </i>[tɛ̝.ʑɛ̝´]<i>;;s
Slide;;verb;yeju{se} </i>[jɛ̝.dʑu.sɛ̝´]<i>;;s
Slide (slang), masturbate;;verb;yeju </i>[jɛ̝.dʑu]<i>;;s
Slop (bad);;inan;;;s
Slop (good);;inan;;;s
Slow;;adj;nu{se}de </i>[nu.sɛ̝´.dɛ̝]<i>;;s
Slowcook;;verb;;;s
Sludge;;inan;;;s
Slur;;verb;do{diin}sotue </i>[do̞.di:n´.so̞.tu.ɛ̝.]<i>;;s
Slut, whore, harlot, prostitute;;an;;;s
Small, little;;adj;se{zhu} </i>[sɛ̝.ʑu´]<i>;;s
Smart, intelligent;;adj;{ye}yim{nun} </i>[jɛ̝´.jim.nun´]<i>;;s
Smell;;verb;jim{she} </i>[dʑim.ɕɛ̝´]<i>;Archaic;s
Smell;;verb;jim{she} </i>[dʑim.ɕɛ̝´]<i>;;s
Smile;;an;{wunzi} </i>[wun´.zi´]<i>;;s
Smoke;;inan;du{be}no </i>[du.bɛ̝´.no̞]<i>;;s
Smooth;;adj;{ca}to{ko} </i>[tɕä´.to̞.ko̞´]<i>;;s
Snack;;verb;;;s
Snack, small food, side dish;;inan;;Can be used to mean the equivelant of “side chick/piece”;s
Snail;;an;{wemsye} </i>[wɛ̝m´.sjɛ̝´]<i>;;s
Snake;;an;{wem} </i>[wɛ̝m´]<i>;;s
Snort;;verb;;;s
Snout, nose;;an;{zi}le </i>[zi´.lɛ̝]<i>;;s
Snow;;inan;{la}ze </i>[lä´.zɛ̝]<i>;;s
Snow (see notes);;inan;{la}ze </i>[lä´.zɛ̝]<i>;Usually used for snow that is in the proccess of falling rather than snow that has already fallen, when used for already fallen snow it’s considered archaic;s
So, therefore;;;de{suba}an </i>[dɛ̝.su´.bä´.an]<i>;;s
Sober;;adj;;;s
Social;;adj;;;s
Society;;inan;{belu}po </i>[bɛ̝´.lu´.po̞]<i>;;s
Soft;;adj;de{jim} </i>[dɛ̝.jim´]<i>;;s
Soldier;;an;{ling}ke </i>[liŋ´.kɛ̝]<i>;;s
Sole (of foot);;an;;;s
Solo (music artist);;an;in{wa} </i>[in.wä´.si]<i>;;s
Some;;adj;zho{bi} </i>[ʑo̞.bi´]<i>;;s
Someday, one day;;inan;zho{pe} </i>[ʑo̞.pɛ̝´]<i>;;s
Sometime;;inan;zhoda </i>[ʑo̞.dä]<i>;;s
Song, track, music;;inan;so{yan} </i>[so̞.jän´]<i>;;s
Sorry (saying);;verb;e{ye}so{ze} </i>[ɛ̝.jɛ̝´.so̞.zɛ̝´]<i>;;s
Soul;;an;ja{ga}n </i>[dʑä.gän´]<i>;;s
Sound, Noise;;inan;so{yan} </i>[so̞.jän´]<i>;;s
Soup, stew;;inan;;;s
Sour;;adj;{su}la </i>[su´.lä]<i>;Borrowed from Jkawi;s
South;;inan;ka </i>[kä]<i>;;s
Sovereign;;verb;;;s
Sow (seeds);;verb;tin{ti} </i>[tin.ti´]<i>;;s
Soy;;an;zu{we}ye </i>[zu.wɛ̝´.jɛ̝]<i>;;s
Space, area;;inan;;;s
Speak, say;;verb;e{ye} </i>[ɛ̝.jɛ̝´]<i>;;s
Spear;;inan;du{san} </i>[du.sän´]<i>;;s
Speed, pace;;inan;{e}jem </i>[ɛ̝´.dʑɛ̝m]<i>;;s
Spend;;verb;powo </i>[po̞.wo̞]<i>;;s
Spice;;inan;;;s
Spicy;;adj;;;s
Spider;;an;se{pa} </i>[sɛ̝.pä´]<i>;;s
Spinach;;an;;;s
Spine;;an;zo{pon} </i>[zo̞.po̞n´]<i>;;s
Spirit, drive;;inan;{pu}ye </i>[pu´.jɛ̝]<i>;;s
Spirit, ghost;;an;sha{he} </i>[ɕä.hɛ̝´]<i>;;s
Spit;;verb;so{ko} </i>[so̞.ko̞´]<i>;;s
Spliff;;inan;zaye{dazhe} </i>[zä.jɛ̝.dä´.ʑɛ̝´]<i>;;s
Split;;verb;ke{sem} </i>[kɛ̝.sɛ̝m´]<i>;;s
Sponsor;;verb;;;s
Spoon;;inan;;;s
Sport;;inan;{eju} </i>[ɛ̝´.dʑu´]<i>;;s
Spray;;verb;;;s
Spring;;verb;;;s
Spring (season);;an;de{ya} </i>[dɛ̝.jä´]<i>;;s
Square (shape, informal);;inan;in{ka} </i>[in.kä´]<i>;;s
Square (shape, mathematical);;inan;inbezzo </i>[in.bɛ̝.z:o̞]<i>;;s
Square, courtyard;;inan;;;s
Squat;;verb;;;s
Squeeze;;verb;se{te} </i>[sɛ̝.tɛ̝´]<i>;;s
Stab;;verb;ze{ko}lo </i>[zɛ̝.ko̞´.lo̞]<i>;;s
Stable, unvarying, steady;;adj;an{ceya} </i>[än.tɕɛ̝´.jä´]<i>;;s
Stage;;inan;{an}ha </i>[än´.hä]<i>;Unknown origin;s
Stained glass;;inan;li{she}de{ya} </i>[li.ɕɛ̝´.dɛ̝.jä´]<i>;;s
Stake (wood);;inan;shebi </i>[ɕɛ̝´.bi]<i>;Borrowed from Jkawi;s
Stalfos;;an;;;hy
Stalizalfos;;inan;;;hy
Stalk;;verb;;;s
Stalk (plant);;an;dizzo{yu} </i>[di.z:o̞.ju´]<i>;;s
Stalker;;an;;;s
Stalkoblin;;inan;;;hy
Stall;;verb;;;s
Stalmoblin;;inan;;;hy
Stampede;;verb;;;s
Stan, obsess (informal);;verb;;;s
Stand;;verb;zhu{we}te </i>[ʑu.wɛ̝´.tɛ̝]<i>;;s
Star;;inan;no{ze} </i>[no̞.zɛ̝´]<i>;;s
Stare;;verb;go{zhe} </i>[ʑɛ̝´.go̞]<i>;;s
Stare;;verb;;;s
Start, begin;;verb;{e}zhe </i>[ɛ̝´.ʑɛ̝]<i>;;s
Starve;;verb;dosi{we} </i>[do̞.si.wɛ̝´]<i>;;s
State (of being);;inan;;;s
State, government body;;inan;{e}lunyo{zhe} </i>[ɛ̝´.lun.jo̞.ʑɛ̝´]<i>;;s
Station;ŹANI;inan;zha{ni} </i>[ʑä.ni´]<i>;Usually in reference to metro and train stations but can be used with bus stations as well;s
Stay;;verb;{we}te </i>[wɛ̝´.tɛ̝]<i>;;s
Steel;;inan;{ku}se </i>[ku´.sɛ̝]<i>;;s
Step, stairs;;inan;ke{lum} </i>[kɛ̝.lum´]<i>;;s
Stesa;SODESA;inan;sode{sa}sa </i>[so̞.dɛ̝.sä´.sä]<i>;;s
Stesan (People);SODESA;an;sode{sa} si </i>[so̞.dɛ̝.sä´ si]<i>;;s
Stew;;verb;;;s
Stick, rod;;an;de{gu} </i>[dɛ̝.gu´]<i>;;s
Stickshift, manual;;inan;;;s
Still, not moving;;verb;ki{si} </i>[ki.su´]<i>;;s
Stimulant;;inan;;;s
Stimulate;;verb;wetete </i>[wɛ̝.tɛ̝.tɛ̝]<i>;;s
Stone, rock;;inan;wo{zang} </i>[wo̞.zäŋ´]<i>;;s
Stoned, high;;adj;kaye{da}yan </i>[kä.jɛ̝.dä´.yän]<i>;;s
Stoner;;an;kaye{da}si </i>[kä.jɛ̝.dä´.si]<i>;;s
Stop, cease;;verb;je{pe} </i>[dʑɛ̝.pɛ̝´]<i>;;s
Story, legend;;inan;{u}tee{je} </i>[u´.tɛ̝.ɛ̝.jɛ̝´]<i>;;s
Stove;;inan;de{kyo} </i>[dɛ̝.kjo̞´]<i>;;s
Straight;;adj;{so}do </i>[so̞´.do̞]<i>;;s
Strange;;adj;ke{yo}de </i>[kɛ̝.jo̞´.dɛ̝]<i>;;s
Strawberry;;an;co{se}le </i>[tɕo̞.sɛ̝´.lɛ̝]<i>;;s
Streak;;inan;;;s
Stress (a point), press;;verb;;;s
Strike, hit (with great strength);;verb;di{kang} </i>[di.käŋ´]<i>;;s
String;;inan;kute </i>[ku.tɛ̝´]<i>;;s
String;;inan;{tse} </i>[tsɛ̝´]<i>;;s
Strong;;adj;;;s
Stuck;;verb;;;s
Student;;an;;;s
Study;;verb;{ye}e{ke} </i>[jɛ̝´.ɛ̝.kɛ̝´]<i>;;s
Stupid, dumb, foolish;;adj;{e}teto </i>[ɛ̝´.tɛ̝.to̞]<i>;;s
Style (fashion);;inan;le{ze} </i>[lɛ̝.zɛ̝´]<i>;;s
Stylish;;adj;le{ze}tu </i>[lɛ̝.zɛ̝´.tu]<i>;;s
Submit, give up;;verb;;;s
Subscribe;;verb;;;s
Succeed;;verb;;;s
Succubus, demon (feminine);;an;;;baph
Succubus, sex demon, sex vampire;;an;zepenuse{we}si </i>[zɛ̝.pɛ̝.nu.sɛ̝.wɛ̝´.si]<i>;;s
Suck (on);;verb;he{zhe}fi </i>[hɛ̝.ʑɛ̝´.fi]<i>;;s
Sudoku;;inan;inta{ka} </i>[in.tä.kä´]<i>;;s
Suffer;;verb;e{she} </i>[ɛ̝.ɕɛ̝´.]<i>;;s
Sugar (plant), sugarcane;;an;se{do} </i>[sɛ̝.do̞´]<i>;;s
Sugar (powder);;inan;se{do}la </i>[sɛ̝.do̞´.lä]<i>;;s
Suggest;;verb;{te}nu </i>[tɛ̝´.nu]<i>;;s
Suicide;;inan;{pu}je{be} </i>[pu´.je.bɛ̝´]<i>;;s
Suicide;;verb;{pu}je{be} </i>[pu´.je.bɛ̝´]<i>;;ahan
Summer;;inan;da </i>[dä]<i>;;s
Summon, call;;verb;;;s
Sun worship;;inan;;;s
Sun, Stellar body;;inan;ze{fang} </i>[zɛ̝.fäŋ´]<i>;;s
Sunglasses;;inan;tso{syi}ke </i>[tso̞.sji´.kɛ̝]<i>;;s
Sunrise, morning light;;inan;{fang}ze </i>[fäŋ´.zɛ̝]<i>;;s
Sunshine;;an;{fang}zeng </i>[fäŋ´.zɛ̝ŋ]<i>;;s
Sunteria;;inan;a{ke}ma{sa} </i>[ä.kɛ̝´.mä.sä´]<i>;;s
Sunterian (Language;;inan;a{ke}ma {di}ye </i>[ä.kɛ̝´.mä di´.jɛ̝]<i>;;s
Sunterian (People);;an;a{ke}ma si </i>[ä.kɛ̝´.mä si]<i>;;s
Superconduct;;inan;;;s
Superconductor;;inan;;;s
Support, rack;;inan;{co} </i>[tɕo̞´ ]<i>;;s
Sure, certain;;adj;;;s
Surgery;;inan;{kye}te </i>[kjɛ̝´.tɛ̝]<i>;;s
Survey;;inan;;;s
Sushi;;inan;po{kyo} </i>[po̞.kjo̞´]<i>;;s
Suspicious;;verb;{so}gudo </i>[so̞´.gu.do̞]<i>;;s
Swarm;;an;;;s
Sweat;;verb;in{pe} </i>[in.pɛ̝´]<i>;;s
Sweat;;inan;in{pe}zhu </i>[in.pɛ̝´.ʑu]<i>;;s
Sweater;;inan;kujeze{ya} </i>[ku.dʑɛ̝.zɛ̝.jä´]<i>;;s
Sweet (taste);;adj;se{te} </i>[sɛ̝.tɛ̝´]<i>;;s
Swell;;verb;sho{she} </i>[ɕo̞.ɕɛ̝´]<i>;;s
Swim;;verb;{zang} </i>[zäŋ´]<i>;;s
Sword, blade;;inan;{ki}a{si} </i>[ki´.ä.si´]<i>;;s
Sympathy;;inan;she{zo}zi </i>[ɕɛ̝.zo̞´.zi]<i>;;s
System (technology);;inan;;;s
System, structure of doing something;;inan;;;s
Table;;inan;{an}ka </i>[än´.kä]<i>;Unknown origin;s
Tail;;an;ko{se} </i>[ko̞.sɛ̝´]<i>;;s
Tailor;;verb;;;s
Take;;verb;e{ke}te </i>[ɛ̝.kɛ̝´.tɛ̝]<i>;;s
Talus;;inan;;;hy
Tame;;adj;ze{juya} </i>[zɛ̝.dʑu´.jä´]<i>;;s
Tame;;verb;ze{juya} </i>[zɛ̝.dʑu´.jä´]<i>;;s
Tan;;verb;;;s
Tap;;verb;;;s
Target;;inan;be{kam} </i>[bɛ̝.käm´]<i>;;s
Taste;;verb;;;s
Tattoo;;inan;su{zun} </i>[su.zun´]<i>;;ahan
Tattoo;;inan;su{zun} </i>[su.zun´]<i>;;s
Tea;;inan;{we}ja </i>[wɛ̝´.dʑä]<i>;;s
Tea (formal);;inan;wa{je} </i>[wä.dʑɛ̝´]<i>;;s
Tea leaf;;an;{wekya} </i>[wɛ̝´.kjä´]<i>;;s
Tea puck;;inan;{we}yo </i>[wɛ̝´.jo̞]<i>;;s
Teach;;verb;{ba}jim </i>[bä´.jim]<i>;;s
Teacher;;an;{ba}jimsi </i>[bä´.jim.si]<i>;;s
Team, group;;an;;;s
Tear(drop)s, the act of crying;;an;ta{ge} </i>[tä.gɛ̝´]<i>;;s
Teardrop;;inan;ta{pe} </i>[tä.pɛ̝´]<i>;specifically for teardrops and not the act of crying itself;s
Tectonic;;inan;;;s
Tell story;;verb;;;s
Tell truths;;verb;esan{ce} </i>[ɛ̝.sän.tɕɛ̝´]<i>;;s
Tell, say (to);;verb;e{yeca} </i>[ɛ̝.jɛ̝´.tɕä´]<i>;;s
Temperature, heat (general);;inan;;;s
Temple gateway;;inan;de{yewa} </i>[dɛ̝.jɛ̝´.wä´]<i>;;s
Temple, shrine;;inan;de{ye}yan </i>[dɛ̝.jɛ̝´.jän]<i>;;s
Ten;14;;na{zhe} </i>[nä.ʑɛ̝´]<i>;Seen in a more slang sense, saying “in inje” is more formal;s
Tendon;;an;{se} </i>[sɛ̝´]<i>;;s
Terrible;;adj;;;s
Terrorism;;inan;po{tsa} </i>[po̞.tsä´]<i>;;s
Terrorist;;an;po{tsa}si </i>[po̞.tsä´.si]<i>;;s
Test;;verb;zedun{te} </i>[zɛ̝.dun.tɛ̝´]<i>;;s
Testicle;;an;suyo </i>[su.jo̞]<i>;;s
Thank;;verb;tong{kom}se </i>[to̞ŋ.ko̞m´.sɛ̝]<i>;;s
Thank;;verb;{tong}se </i>[to̞ŋ´.sɛ̝]<i>;;ahan
The day after tomorrow;;inan;;;s
The day before yesterday;;inan;;;s
The legend of zelda (game);HAILUNA;inan;ha{i}lu{ling}ena </i>[hä.i´.lu.liŋ´.ɛ̝.na]<i>;;real
The Roaring;;inan;{po}ge{le}zhunu </i>[po̞´.gɛ̝.lɛ̝´.ʑu.nu]<i>;;dr
Theatre / theater;;inan;e{yean} </i>[ɛ̝.jɛ̝´.än´]<i>;;s
Therefor;ATEDO;;ate{do} </i>[ä.tɛ̝.do´]<i>;Borrowed from Loremese, usually seen in Saulist text translations, and sometimes in scientific texts. Usually at the end of the sentence.;religion
They (plural), 3rd person plural;;prn;sho{we} </i>[ɕo̞.wɛ̝´]<i>;;s
They (plural), 3rd person plural;;prn;sho{we} </i>[ɕo̞.wɛ̝´]<i>;historical, only used when trying to specify gender in text;s
They (plural), 3rd person plural;;prn;{sa} </i>[säs´]<i>;Borrowed from Loremese;religion
They (singular), 3rd person;;prn;sho </i>[ɕo̞]<i>;;s
They (singular), 3rd person;;prn;sho </i>[ɕo̞]<i>;historical, only used when trying to specify gender in text;s
They (singular), 3rd person;;prn;{sa} </i>[sä´]<i>;Borrowed from Loremese;religion
Thick;;adj;se{bbi} </i>[sɛ̝.b:i´]<i>;;s
Thin;;adj;ye{cce} </i>[jɛ̝.tɕ:ɛ̝´]<i>;;s
Thing;ŽI;inan;{zhi} </i>[ʑi´]<i>;More formal. Borrowed from Loremese;s
Thing, object;;inan;{diin} </i>[di:n´]<i>;;s
Think;;verb;pu{lu} </i>[pu.lu´]<i>;;s
Three;3;;ju </i>[dʑu]<i>;;s
Throne;;inan;;;s
Throw;;verb;don{she} </i>[do̞n.ɕɛ̝´]<i>;;s
Throw out (usually rubbish);;verb;don{ze} </i>[do̞n.zɛ̝´]<i>;;s
Throw out of a window, defenestrate;;verb;donli{she}de </i>[do̞n.li.ɕɛ̝´.dɛ̝]<i>;;s
Thumb;;an;;;s
Tide;;an;;;s
Tide pool;;inan;;;s
Tie (up);;verb;mo{te} </i>[mo̞.tɛ̝´]<i>;;s
Tiger;;an;sheting{li} </i>[ɕɛ̝.tiŋ.li´]<i>;;s
Tight;;adj;;;s
Time (concept);;inan;e{ke} </i>[ɛ̝.kɛ̝´]<i>;The concept of time itself, not a specific instance;s
Tip;;verb;;;s
Tisane;;inan;;;s
Titan, giant;;an;de{za} </i>[dɛ̝.zä´]<i>;;s
Tithe;;verb;;;s
Tobacco ;;an;za{de} </i>[zä.dɛ̝´]<i>;;s
Today;;inan;yonu </i>[jo̞.nu]<i>;;s
Together, union;;inan;insa{se}zhu </i>[in.sä.sɛ̝´.ʑu]<i>;For anything not a country;s
Tomato;;an;co{pe}le </i>[tɕo̞.pɛ̝´.lɛ̝]<i>;;s
Tomb, mausoleum;;inan;{dodyi} </i>[do̞´.dji´]<i>;;s
Tomorrow;;inan;fo{pe} </i>[fo̞.pɛ̝´]<i>;;s
Tone (music);;inan;;;s
Tongue;;an;{e}tse </i>[ɛ̝´.tsɛ̝]<i>;;s
Tooth;;an;fun{long} </i>[fun.lo̞ŋ´]<i>;;s
Top (sexual);;an;fosi </i>[fo̞.si]<i>;;s
Topic;;inan;e{ye}ju{kang} </i>[ɛ̝.jɛ̝´.dʑu.käŋ´]<i>;;s
Torture;;verb;bezhu </i>[do̞.ʑu]<i>;;s
Touch;;verb;{ju} </i>[dʑu´]<i>;;s
Tova;DOWA;inan;do{wa} {di}ye </i>[do̞.wä´ di´.jɛ̝]<i>;;s
Toward, dative marker;;verb;le{ya} </i>[lɛ̝.jä´]<i>;;s
Tower, pylon;;inan;ma{tse} </i>[mä.tsɛ̝´]<i>;;s
Town;;inan;{be}we </i>[bɛ̝´.wɛ̝]<i>;;s
Toy;;inan;tu{pa} </i>[tu.pä´]<i>;;s
Transcend;;verb;jeze{ze} </i>[dʑɛ̝.zɛ̝.zɛ̝´]<i>;;s
Transcribe;;verb;{je}te </i>[dʑɛ̝´.tɛ̝]<i>;;s
Transfer;;verb;{eje} </i>[ɛ̝´.dʑɛ̝´]<i>;;s
Transformation;;inan;se{wa}fo{nu} </i>[sɛ̝.wä´.fo̞.nu´]<i>;;s
Translate;;verb;e{ye}de{ke} </i>[ɛ̝.jɛ̝´.dɛ̝.kɛ̝´]<i>;;s
Translator;;an;e{ye}de{ke}si </i>[ɛ̝.jɛ̝´.dɛ̝.kɛ̝´.si]<i>;;s
Transmit;;verb;;;s
Traule;LALULE;inan;la{lu}le{sa} </i>[lä.lu´.lɛ̝.sä´]<i>;;s
Traulian (Language);LALULE;inan;la{lu}le {di}ye </i>[lä.lu´.lɛ̝ di´.jɛ̝]<i>;;s
Traulian (People);LALULE;an;la{lu}le si </i>[lä.lu´.lɛ̝ si]<i>;;s
Travel;;verb;je{tsa} </i>[dʑɛ̝.tsä´]<i>;;s
Travel (far), journey;;verb;je{tsapo} </i>[dʑɛ̝.tsä´.po̞´]<i>;;s
Tree;;an;{i}tsa </i>[i´.tsä]<i>;;s
Tree sap;;an;;;s
Trench;;inan;po{ttu}ko </i>[po̞.t:u´.ko̞]<i>;;s
Triangle;;inan;;;s
Trim;;verb;;;s
Trip, journey;;inan;ledeke{yen} </i>[lɛ̝.dɛ̝.kɛ̝.jɛ̝n´]<i>;A partial Jkawi borrowing. ;s
Trot;;verb;;;s
Truth;;inan;san{ce} </i>[sän.tɕɛ̝´]<i>;Archaic;s
Truth; true;;inan;san{ce} </i>[sän.tɕɛ̝´]<i>;;s
Try;;verb;ze{fya} </i>[zɛ̝.fjä´]<i>;;s
Tulip;;an;;;s
Turn (around);;verb;{go}zhe </i>[go̞´.ʑɛ̝]<i>;;s
Turn (over);;verb;{do}pä </i>[do̞´.pä]<i>;;s
Turret;;inan;;;s
Twelve;16;;si{wi} </i>[si.wi´]<i>;Seen in a more slang sense, saying “in nu” is more formal;s
Twin, pair;;inan;cese </i>[tɕɛ̝.sɛ̝]<i>;;s
Twist;;verb;lo{na} </i>[lo̞.nä´]<i>;;s
Two;2;;ce </i>[tɕɛ̝]<i>;;s
Type, genre;;inan;ju{kang} </i>[dʑu.käŋ´]<i>;;s
Tyrosia;DAILOŚIJA;inan;da{i}lo{shi}ya{sa} </i>[dä.i´.lo̞.ɕi´.jä.sä´]<i>;;s
Tyrosian (Language);DAILOŚIJA;inan;da{i}lo{shi}ya {di}ye </i>[dä.i´.lo̞.ɕi´.jä di´.jɛ̝]<i>;;s
Tyrosian (People);DAILOŚIJA;an;da{i}lo{shi}ya si </i>[dä.i´.lo̞.ɕi´.jä si]<i>;;s
Ukilen;;inan;{u}jelin </i>[u´.dʑɛ̝.lin]<i>;;s
Under;;adj;nu{wun} </i>[nu.wun´]<i>;;s
Understand, get;;verb;{ye}tu </i>[jɛ̝´.tu]<i>;;s
Unequal;;verb;de{du} </i>[dɛ̝.du´]<i>;;s
Unify;;verb;insa{se} </i>[in.sä.sɛ̝´]<i>;;s
Union;1;inan;inpe{ta} </i>[in.pɛ̝.tä´]<i>;Specifically for countries;s
Union (Country);;inan;la{pe}tan{sa} </i>[lä.pɛ̝´.tän.sä´]<i>;;s
Union resident;;an;la{pe}tan si </i>[lä.pɛ̝´.tän si]<i>;;s
United States of America;ŹESUSU;inan;{jesa}suzam{fong} </i>[dʑɛ̝´.sä´.su.zäm.fo̞ŋ´]<i>;;real
Unknown;;adj;{she}ne </i>[ɕɛ̝´.nɛ̝]<i>;Borrowed from Jkawi;s
Unlearn;;verb;;;s
Unless;;;;;ahan
Unless;;;;;s
Untamed;;adj;doze{juya} </i>[do̞.zɛ̝.dʑu´.jä´]<i>;;s
Until;;;;;s
Up;;adj;li </i>[li]<i>;Borrowed from Jkawi;s
Up;;adj;{we} </i>[wɛ̝´]<i>;;s
Uranus;;inan;e{ken} </i>[ɛ̝.kɛ̝n´]<i>;;s
Urine (formal);;an;;;s
Urine (informal), pee, wee;;an;;;s
Use;;verb;{i}sheke </i>[i´.ɕɛ̝.kɛ̝]<i>;;s
USP, unique selling point;;inan;;;s
Usurp, coup de tat;;verb;;;s
Uterus;;an;;;s
Vaccinate;;verb;so{shesan} </i>[so̞.ɕɛ̝´.sän´]<i>;;s
Vaccine, antidote;;inan;so{she} </i>[so̞.ɕɛ̝´]<i>;;s
Vagina;;an;;;s
Valley;;inan;;;s
Vampire, bloodsucker;;inan;jo{we}si{we}si </i>[dʑo̞.wɛ̝´.si.wɛ̝´.si]<i>;;s
Vegan leather;;inan;ku{zam}e{yacen} </i>[ku.zäm´.ɛ̝.jä´.tɕɛ̝n´]<i>;;s
Vehicle;;inan;pe{ce} </i>[pɛ̝.tɕɛ̝´]<i>;;s
Venison, deer meat;;inan;{nyete} </i>[njɛ̝´.tɛ̝´]<i>;;s
Venus;;inan;su{ko} </i>[su.ko̞´]<i>;;s
Verdant, lush, lavish;;adj;;;s
Vesta;;an;u{wa}de{je} </i>[u.wä´.dɛ̝.dʑɛ̝´]<i>;;s
Vibrate, shake;;verb;;;s
Village;;inan;sa{be}we </i>[sä.bɛ̝´.wɛ̝]<i>;;s
Virgin;;an;;;s
Virginity;;inan;;;s
Vital;;adj;so{ko} </i>[so̞.ko̞´]<i>;;s
Voice;;an;zu{yan} </i>[zu.jän´]<i>;;s
Vomit;;verb;wu{te} </i>[wu.tɛ̝´]<i>;;s
Vroom;BUUN;;buun </i>[bu:n]<i>;;s
Wait;;verb;ku{de} </i>[ku.dɛ̝´]<i>;;s
Wake up;;verb;{fye} </i>[fjɛ̝´]<i>;;s
Wake up;;verb;te{zhefang} </i>[tɛ̝.ʑɛ̝´.fäŋ´]<i>;;s
Walk;;verb;{e}ze </i>[ɛ̝´.zɛ̝]<i>;;s
Wall;;inan;zam{ko} </i>[zäm.ko̞´]<i>;;s
Want, prefer;;verb;la{fa} </i>[lä.fä´]<i>;;s
War;;inan;;;s
Warm;;adj;ju{kyu} </i>[dʑu.kju´]<i>;;s
Warrior;;an;;;s
Wash;;verb;ju </i>[dʑu]<i>;;s
Watch, observe, survey, monitor;;verb;gu{gu} </i>[gu.gu´]<i>;;s
Water;;an;mu{pe}we </i>[mu.pɛ̝´.wɛ̝]<i>;;s
Water feature;;inan;mu{pefong} </i>[mu.pɛ̝´.fo̞ŋ´]<i>;;s
Wax;;inan;{cape}we </i>[tɕä´.pɛ̝´.wɛ̝]<i>;;s
We;;prn;lo{we} </i>[lo̞.wɛ̝´]<i>;;s
We;;prn;{no}su </i>[no̞´.su]<i>;Borrowed from Loremese;religion
Weak;;adj;tu{wa} </i>[tu.wä´]<i>;;s
Weave;;verb;ku{te}pu </i>[ku.tɛ̝´.pu]<i>;;s
Weed, cannabis;;an;ye{da} </i>[jɛ̝.dä´]<i>;;ahan
Week;;inan;nu{de}ke </i>[nu.dɛ̝´.kɛ̝]<i>;Baphian calendar week, not commonly used for a 7 day week;s
Weight;;inan;;;s
Well-made;;adj;{gi}shun </i>[gi´.ɕun]<i>;Borrowed from Jkawi;s
West;;inan;dan </i>[dän]<i>;;s
Wet;;adj;ye{fe} </i>[jɛ̝.fɛ̝´]<i>;;s
What;;;ne </i>[nɛ̝]<i>;;s
Whatever;;;;;ahan
Whatever;;;;;s
Wheat;;inan;she{kyo} </i>[ɕɛ̝.kjo̞´]<i>;;s
Wheel;;inan;fe{ce} </i>[fɛ̝.tɕɛ̝´]<i>;;s
When;;;ne{ke} </i>[nɛ̝.kɛ̝´]<i>;;s
Where;;;no{kam} </i>[no̞.käm´]<i>;;s
Whetstone;;inan;;Slur for Kalis;s
Whisper, say quietly;;verb;;;s
White;;adj;{i}zenke </i>[i´.zɛ̝ŋ.kɛ̝]<i>;;s
Who;;;no{si} </i>[no̞.si´]<i>;;s
Whore;;an;;;s
Why;;;no{se} </i>[no̞.sɛ̝´]<i>;;s
Wide, big;;adj;{no}da </i>[no̞´.dä]<i>;;s
Wig;;inan;be{seye} </i>[bɛ̝.sɛ̝´.jɛ̝´]<i>;;s
Will;;verb;;;s
Win;;verb;zodee </i>[zo̞.dɛ̝:´]<i>;;s
Wind;;an;{sa}zhe </i>[sä´.ʑɛ̝]<i>;;s
Winding, not straight, squiggly;;adj;;Slang for queer people ;s
Window;;inan;li{ya} </i>[li.jä´]<i>;;s
Wine;;inan;;;s
Wing;;an;de{ge} </i>[dɛ̝.gɛ̝´]<i>;;s
Winter;;inan;zu </i>[zu]<i>;;s
Wipe;;verb;da{de} </i>[dä.dɛ̝´]<i>;;s
Wire;;inan;be{je} </i>[bɛ̝.dʑɛ̝´]<i>;;s
Witch, wizard;;an;ye{pe}si </i>[jɛ̝.pɛ̝´.si]<i>;;s
With (instrumental);;;tete </i>[tɛ̝.tɛ̝]<i>;;s
Withdraw (drug), be nauseous;;verb;;;s
Without;;;tete{ku} </i>[tɛ̝.tɛ̝.ku´]<i>;;s
Witness;;verb;gu{tsa} </i>[gu.tsä´]<i>;;s
Witty;;adj;mu{mu}ki </i>[mu.mu´.ki]<i>;Borrowed from Jkawi. Negative;s
Wizzrobe;;an;;;hy
Wobble, (unstablely) move, warble;;verb;ta{ni} </i>[tä.ni´]<i>;;s
Wolf, canine;;an;cin{li} </i>[tɕin.li´]<i>;;s
Woman;;an;zana </i>[zä.nä]<i>;Used for nonkaneeds, borrowed from Loremese;s
Wood, lumber;;inan;;;s
Word;;inan;;;s
Work;;verb;we{zhe}he </i>[wɛ̝.ʑɛ̝´.hɛ̝]<i>;;s
Work (on);;verb;we{zhe}an </i>[wɛ̝.ʑɛ̝´.än]<i>;;s
Work, writing, book (formal);;inan;;;s
Worker;;an;{e}sye </i>[ɛ̝´.sjɛ̝]<i>;;s
Worker;;an;we{zhe}hesi </i>[wɛ̝.ʑɛ̝´.hɛ̝.si]<i>;;s
Workshop;;inan;we{tem} </i>[wɛ̝.tɛ̝m´]<i>;;s
World;;inan;{je} </i>[dʑɛ̝´]<i>;;s
Worm;;an;tu{te} </i>[tu.tɛ̝´]<i>;;s
Worship;;verb;;;s
Wound;;inan;;;s
Wrapping;;inan;ze{tem} </i>[zɛ̝.tɛ̝m´]<i>;;s
Write;;verb;{je} </i>[dʑɛ̝´]<i>;;s
Writer;;an;{je}si </i>[dʑɛ̝´.si]<i>;;s
Wrong;;adj;do{ki} </i>[do̞.ki´]<i>;;s
Xjetjeng;JETEÑ;inan;ye{teng}sa </i>[jɛ̝.tɛ̝ŋ´.sä]<i>;;s
Xjetjeng (People);JETEÑ;an;ye{teng} si </i>[jɛ̝.tɛ̝ŋ´ si]<i>;;s
Yamahat;JAMESU;inan;ya{me}su{sa} </i>[jä.mɛ̝´.su.sä´]<i>;;s
Yamahati (Language;JAMESU;inan;ya{me}su {di}ye </i>[jä.mɛ̝´.su di´.jɛ̝]<i>;;s
Yamahati (People);JAMESU ;an;ya{me}su si </i>[jä.mɛ̝´.su si]<i>;;s
Yarn;;inan;ku{bbi} </i>[ku.b:i´]<i>;;s
Yeah;JA;;ya </i>[jä]<i>;;real
Year;;inan;se{de} </i>[sɛ̝.dɛ̝´]<i>;;s
Yell; ;verb;e{ye}je </i>[ɛ̝.jɛ̝´.dʑɛ̝ ]<i>;;s
Yellow;;adj;she{zze} </i>[ɕɛ̝.z:ɛ̝´]<i>;;s
Yesterday;;inan;;;s
Young;;adj;je{se} </i>[dʑɛ̝.sɛ̝´]<i>;;s
Young child;;an;pe{le} </i>[pɛ̝.lɛ̝´]<i>;;s
Youth, young person;;an;;;s
Yuri, girls love, lesbianism;;inan;gimuki </i>[gi.mu.ki]<i>;When used as “Lesbianism” it is seen as vulgar and almost offensive;s
Zombie;;inan;bi{ye}si </i>[bi.jɛ̝´.si]<i>;;s
Zombie;;inan;deso{yan}nu{e}ze </i>[dɛ̝.so̞.jän´.nu.ɛ̝´.zɛ̝ ]<i>;;religion
Zombie, reanimated person (not necessarily flesh eating);;inan;deso{yan}nu{e}ze </i>[dɛ̝.so̞.jän´.nu.ɛ̝´.zɛ̝ ]<i>;Incredibly formal, usually only used in Treveist text;s
Zombify;;verb;sebi{ye}si </i>[sɛ̝.bi.jɛ̝´.si]<i>;;s
Zora;ZOLA;an;{zo}la{zzo} </i>[zo̞´.lä.z:o̞´]<i>;;hy